record_id,citation_key,title,journal,publication_year,analysis_period,study_summary,case_report,case_report_conclusion,workflow_stage,specialty,specialty_other_detail,evaluation_target,device,dimensionality,image_modalities,image_modality_other_detail,rendering_type,rendering_other_detail,aux_visualization_content,anchoring_context,registration_method,perception_support,perception_cues,specialty_label,device_label,dimensionality_label,rendering_type_label,registration_method_label,workflow_stage_label,evaluation_target_label,image_modalities_label,anchoring_context_label,perception_cues_label,aux_visualization_content_label
1949,State 1996,Technologies for augmented reality systems: Realizing ultrasound-guided needle biopsies,SIGGRAPH,1996,Before 2010,Visualize US in-situ to guid the needle biopsy. use occlusion to enhance depth cue.,False,,intraoperative,oncologic,,phantom,hmd_vst,2d_3d,us,,no_post_processing,,,in_situ,marker_other,True,occlusion,Oncologic,HMD (Video See-Through),2D + 3D,No Post-processing,Other Marker,Intraoperative,Phantom,Ultrasound,In-situ,Occlusion,
1943,Fuchs 1998,Augmented reality visualization for laparoscopic surgery,MICCAI,1998,Before 2010,A 3D visualization system to assist with laparoscopic surgical procedures. Use 2D image + depth estimation to reconstruct 3D scene.,,,intraoperative,abdominal,,phantom,hmd_vst,3d,rgb,,surface_modeling,,,in_situ,,False,,Abdominal,HMD (Video See-Through),3D,Surface Modeling,,Intraoperative,Phantom,RGB Camera,In-situ,,
21,Y 1998,Image guidance of breast cancer surgery using 3-D ultrasound images and augmented reality visualization,IEEE TRANSACTIONS ON MEDICAL IMAGING,1998,Before 2010,augmented reality visualization for the guidance of breast-conservative cancer surgery (reconstruct 3D model from US directly thus eliminating the needs for registration),False,,intraoperative,oncologic,,phantom|patient,spatial_monitor,3d,us,,volume_rendering,,,off_situ,,False,,Oncologic,Spatial Monitor,3D,Volume Rendering,,Intraoperative,"Phantom, Patient",Ultrasound,Off-situ,,
5803,Edwards 1999,Stereo augmented reality in the surgical microscope,Medicine Meets Virtual Reality,1999,Before 2010,Designed a pipeline to have AR on microscope,False,,not_specified,not_specified,,phantom|patient,microscope,3d,not_specified,,other_process,,,in_situ,marker_optical,False,,Not Specified,Microscope,3D,Other Process,Optical Marker,Not Specified,"Phantom, Patient",Not Specified,In-situ,,
1942,Dey 2000,Mixed reality merging of endoscopic images and 3-D surfaces,MICCAI,2000,Before 2010,Map endoscopic images to CT-generated model,,,intraoperative,neurosurgery,,virtual,spatial_monitor,3d,ct|rgb,,surface_modeling,,,off_situ,,False,,Neurosurgery,Spatial Monitor,3D,Surface Modeling,,Intraoperative,Virtual,"CT, RGB Camera",Off-situ,,
1937,Mitschke 2000,Interventions under video-augmented X-Ray guidance: Application to needle placement,MICCAI,2000,Before 2010,the needle placement procedure can be performed under this augmented reality visualization instead of fluoroscopy. Only two single X-ray images from different unknown C-arm positions are needed to align the needle to a target structure labeled by the surgeon in both X-ray images.,False,,intraoperative,orthopedic,,phantom,spatial_monitor,2d,ct|rgb,,no_post_processing,,,off_situ,,False,,Orthopedic,Spatial Monitor,2D,No Post-processing,,Intraoperative,Phantom,"CT, RGB Camera",Off-situ,,
5798,Salb 2000,Intraoperative presentation of surgical planning and simulation results using a stereoscopic see-through head-mounted display,SPIE,2000,Before 2010,"Some early study about AR visualization, specifically discussed the calibration, registration, the system infrastructure, and some visualizaiton sample.",False,,not_specified,not_specified,,phantom,hmd_vst,3d,not_specified,,no_post_processing,,,in_situ,markerless,False,,Not Specified,HMD (Video See-Through),3D,No Post-processing,Markerless,Not Specified,Phantom,Not Specified,In-situ,,
5787,Stetten 2001,Overlaying ultrasonographic images on direct vision,J Ultrasound,2001,Before 2010,"Enable in-situ visualization of ultrasound so clinicians can use direct hand–eye coordination during invasive procedures, by merging the patient’s visible surface with a simultaneous ultrasound slice.",False,,intraoperative,general,,not_specified,spatial_projection_semtransparent,2d,us,,no_post_processing,,,in_situ,,False,,General,Semi-transparent Projection,2D,No Post-processing,,Intraoperative,Not Specified,Ultrasound,In-situ,,
5753,Khamene 2003,Local 3D reconstruction and augmented reality visualization of free-hand ultrasound for needle biopsy procedures,MICCAI,2003,Before 2010,Use tracking to view the ultrasound image and its reconstructions in-situ,False,,intraoperative,not_specified,,mixed,hmd_vst,3d,us,,no_post_processing,,,in_situ,marker_optical,False,,Not Specified,HMD (Video See-Through),3D,No Post-processing,Optical Marker,Intraoperative,Mixed,Ultrasound,In-situ,,
1866,Scheuering 2003,Intraoperative augmented reality for minimally invasive liver interventions,Proc SPIE Int Soc,2003,Before 2010,Our system consists of a preoperative planning tool for liver surgery and an intraoperative real time visualization component. The planning software takes into account the individual anatomy of the intrahepatic vessels and determines the vascular territories. ( only apply direct volume rendering methods that immediately display the voxel data),False,,intraoperative,abdominal,,patient,spatial_monitor,3d,ct,,volume_rendering,,,off_situ,,False,,Abdominal,Spatial Monitor,3D,Volume Rendering,,Intraoperative,Patient,CT,Off-situ,,
27,C 2004,Computer-aided surgery based on auto-stereoscopic augmented reality,International Conference on Information Visualisation,2004,Before 2010,(auto-stereoscopic) the ultimate application of a proposed system is to assist the surgeon in oncological liver surgery,False,,intraoperative,oncologic,,phantom,spatial_monitor,3d,mri,,surface_modeling,,,off_situ,,False,,Oncologic,Spatial Monitor,3D,Surface Modeling,,Intraoperative,Phantom,MRI,Off-situ,,
1931,Reitinger 2004,Tools for augmented reality based liver resection planning,Proc SPIE Int Soc Opt Eng,2004,Before 2010,use AR as planning tool that can help with quantitative analysis. For liver. Measuring tool.,False,,planning,abdominal,,virtual,hmd_ost,3d,ct,,surface_modeling,,tool_location,off_situ,,False,,Abdominal,HMD (Optical See-Through),3D,Surface Modeling,,Planning,Virtual,CT,Off-situ,,Tool Location
5722,Vogt 2004,Augmented reality system for MR-guided interventions: Phantom studies and first animal test,SPIE,2004,Before 2010,An AR system to visualize MRI and guide surgery,False,,intraoperative,not_specified,,phantom|animal,hmd_vst,3d,mri,,no_post_processing,,tool_location,in_situ,marker_optical,False,,Not Specified,HMD (Video See-Through),3D,No Post-processing,Optical Marker,Intraoperative,"Phantom, Animal",MRI,In-situ,,Tool Location
850,Weidenbach 2004,Intelligent training system integrated in an echocardiography simulator.,Computers in Biology and Medicine,2004,Before 2010,develops an AR application that enables its user to simulate a 2D echocardiographic exam- ination,False,,education,cardiothoracic,,phantom,spatial_monitor,2d,us,,no_post_processing,,,off_situ,,False,,Cardiothoracic,Spatial Monitor,2D,No Post-processing,,Education,Phantom,Ultrasound,Off-situ,,
10,S 2005,An augmented reality system for patient-specific guidance of cardiac catheter ablation procedures,IEEE Transactions on Medical Imaging,2005,Before 2010,a system to assist in the treatment of cardiac arrhythmias by catheter ablation.,False,,intraoperative,cardiothoracic,,phantom,spatial_monitor,mixed,mri|xray,,surface_modeling,,color_coding,off_situ,,False,,Cardiothoracic,Spatial Monitor,Mixed,Surface Modeling,,Intraoperative,Phantom,"MRI, X-ray",Off-situ,,Color Coding
298,Das 2006,"Augmented reality visualization for CT-guided interventions: system description, feasibility, and initial evaluation in an abdominal phantom",Radiology,2006,Before 2010,evaluate the feasibility and performance of an augmented reality (AR) visualization prototype for virtual computed tomography (CT)-guided interventional procedures in a multimodality abdominal phantom,False,,intraoperative,abdominal,,phantom,hmd_vst,3d,ct,,surface_modeling,,tool_location|trajectory,in_situ,marker_optical,True,wireframe,Abdominal,HMD (Video See-Through),3D,Surface Modeling,Optical Marker,Intraoperative,Phantom,CT,In-situ,Wireframe,"Tool Location, Trajectory"
1874,Sielhorst 2006,Depth perception - A major issue in medical AR: Evaluation study by twenty surgeons,MICCAI,2006,Before 2010,evaluates novel visualization techniques that are designed to overcome misleading depth perception of trivially superimposed virtual images on the real view.,False,,intraoperative,orthopedic,,phantom,hmd_vst,3d,ct,,other_process,compare everything,tool_location,in_situ,marker_optical,True,occlusion|shadow,Orthopedic,HMD (Video See-Through),3D,Other Process,Optical Marker,Intraoperative,Phantom,CT,In-situ,"Occlusion, Shadow",Tool Location
331,Traub 2006,Hybrid navigation interface for orthopedic and trauma surgery,MICCAI,2006,Before 2010,"Compare the navigation performance between a conventional slice-based CT navigation and AR-based navigation, and their combination.",False,,intraoperative,orthopedic,,phantom,hmd_vst,3d,ct,,surface_modeling,Includes surface modelling and volume rendering,tool_location,in_situ,marker_optical,False,,Orthopedic,HMD (Video See-Through),3D,Surface Modeling,Optical Marker,Intraoperative,Phantom,CT,In-situ,,Tool Location
3310,Wendler 2006,Navigated three dimensional beta probe for optimal cancer resection.,Medical Image Computing and Computer-Assisted Intervention,2006,Before 2010,extend the one dimensional signal of a beta-probe to a four dimensional signal including the spatial information of the distal end of the probe. use AR to provide navigation,,,intraoperative,oncologic,,phantom,spatial_monitor,3d,rgb,,surface_modeling,,color_coding,in_situ,marker_optical,False,,Oncologic,Spatial Monitor,3D,Surface Modeling,Optical Marker,Intraoperative,Phantom,RGB Camera,In-situ,,Color Coding
45,C 2007,Contextual Anatomic Mimesis Hybrid In-Situ Visualization Method for Improving Multi-Sensory Depth Perception in Medical Augmented Reality,ISMAR,2007,Before 2010,Uses AR technology for preoperative diagnoses and surgical planning as well as intraoperative navigation,False,,method_development,orthopedic,,phantom|patient,hmd_vst,3d,ct,,surface_modeling,,,in_situ,marker_optical,True,occlusion|kinetic,Orthopedic,HMD (Video See-Through),3D,Surface Modeling,Optical Marker,Method Development,"Phantom, Patient",CT,In-situ,"Occlusion, Kinetic",
122,C 2007,Laparoscopic Virtual Mirror for Understanding Vessel Structure Evaluation Study by Twelve Surgeons,IEEE and ACM International Symposium on Mixed and Augmented Reality,2007,Before 2010,,False,,intraoperative,vascular,,phantom,spatial_monitor,3d,ct,,volume_rendering,,,off_situ,,True,mirror,Vascular,Spatial Monitor,3D,Volume Rendering,,Intraoperative,Phantom,CT,Off-situ,Mirror,
1914,Konishi 2007,A real-time navigation system for laparoscopic surgery based on three-dimensional ultrasound using magneto-optic hybrid tracking configuration,Int. J. Comput. Assisted Radiol. Surg.,2007,Before 2010,evaluate the usefulness and accuracy of this system using an animate model.,False,,intraoperative,abdominal,,animal,spatial_monitor,3d,us,,volume_rendering,,,off_situ,,False,,Abdominal,Spatial Monitor,3D,Volume Rendering,,Intraoperative,Animal,Ultrasound,Off-situ,,
858,Lovo 2007,"A novel, inexpensive method of image coregistration for applications in image-guided surgery using augmented reality.",Operative Neurosurgery,2007,Before 2010,"describes an easy, inexpensive, and successful method to coregister with AR in an image-guided surgery setting using the resources at hand",False,,planning,neurosurgery,,virtual,spatial_monitor,3d,mri,,volume_rendering,,,off_situ,,False,,Neurosurgery,Spatial Monitor,3D,Volume Rendering,,Planning,Virtual,MRI,Off-situ,,
17,N 2007,Laparoscopic Virtual Mirror New Interaction Paradigm for Monitor Based Augmented Reality,IEEE Annual International Symposium Virtual Reality,2007,Before 2010,take full advantage of the 3D virtual data for augmented reality applications in medical scenes.,False,The authors introduce a new interactive visualization paradigm enabling the user to take full advantage of the available 3D data within an augmented scene,intraoperative,abdominal,,phantom,spatial_monitor,3d,ct,,surface_modeling,,tool_location,off_situ,,True,kinetic,Abdominal,Spatial Monitor,3D,Surface Modeling,,Intraoperative,Phantom,CT,Off-situ,Kinetic,Tool Location
5654,Koishi 2008,A navigation system using projection images of laparoscopic instruments and a surgical target with improved image quality,"Medical Imaging 2008: Visualization, Image-guided Procedures, and Modeling",2008,Before 2010,project the image of forceps and a surgical target simultaneously for support of laparoscopic surgery,False,,intraoperative,abdominal,,phantom,spatial_projection,2d,rgb,,other_process,segmented target from the endoscope,tool_location,in_situ,markerless,False,,Abdominal,Spatial Projection,2D,Other Process,Markerless,Intraoperative,Phantom,RGB Camera,In-situ,,Tool Location
929,Megali 2008,EndoCAS navigator platform: a common platform for computer and robotic assistance in minimally invasive surgery.,The International Journal of Medical Robotics and Computer Assisted Surgery,2008,Before 2010,Authos wants to have a hardware and software architecture of the EndoCAS navigator platform for general CASapplications. We have also evolved a speciﬁc applicationfor computer-assisted laparoscopic procedures based on the EndoCAS platform.,False,,intraoperative,abdominal,,phantom|patient,spatial_monitor,3d,not_specified,,surface_modeling,Surface model,tool_location,off_situ,,False,,Abdominal,Spatial Monitor,3D,Surface Modeling,,Intraoperative,"Phantom, Patient",Not Specified,Off-situ,,Tool Location
1788,Santhanam 2008,A display framework for visualizing real-time 3D lung tumor radiotherapy,IEEE/OSA J. Disp. Technol.,2008,Before 2010,present a medical display and visualization framework for radiation therapy that couples a computer-based simulation of real-time lung tumor motion and its dose accumulation during treatment with an Augmented Reality Center (ARC) based display system.,False,,planning,cardiothoracic,,virtual,hmd_ost,4d,ct,,surface_modeling,,,off_situ,,False,,Cardiothoracic,HMD (Optical See-Through),4D,Surface Modeling,,Planning,Virtual,CT,Off-situ,,
5634,Stoyanov 2008,Intra-operative visualizations: Perceptual fidelity and human factors,Journal of Display Technology,2008,Before 2010,"This paper reviews (but I am not sure if we should regard it as a review paper) their AR techniques around improving depth perception, motion stabilization, and compensation of soft tissue motion",False,,intraoperative,abdominal,,not_specified,spatial_monitor,2d,rgb,,no_post_processing,,,off_situ,,True,occlusion|shadow|kinetic,Abdominal,Spatial Monitor,2D,No Post-processing,,Intraoperative,Not Specified,RGB Camera,Off-situ,"Occlusion, Shadow, Kinetic",
1758,Stüdeli 2008,Visualization tool for improved accuracy in needle placement during percutaneous radio-frequency ablation of liver tumors,Progr. Biomed. Opt. Imaging Proc,2008,Before 2010,"A visualization tool has been designed that aims to support (1) exploration of the abdomen, (2) planning of needle trajectory and (3) insertion of the needle in the most efficient way. This work describes a first evaluation of the system,",False,,multi_task,abdominal,,phantom,hmd_vst,2d_3d,ct|us,,surface_modeling,,tool_location,in_situ,,False,,Abdominal,HMD (Video See-Through),2D + 3D,Surface Modeling,,Multi-task,Phantom,"CT, Ultrasound",In-situ,,Tool Location
5635,Traub 2008,Advanced display and visualization concepts for image guided surgery,JOURNAL OF DISPLAY TECHNOLOGY,2008,Before 2010,"Compare the IGS with traditional monitor and HMD, and a hybrid method that includes the slice view",False,,intraoperative,orthopedic,,phantom,hmd_ost,2d_3d,ct,,no_post_processing,Both volume rendered and raw CT slice,tool_location,in_situ,marker_optical,False,,Orthopedic,HMD (Optical See-Through),2D + 3D,No Post-processing,Optical Marker,Intraoperative,Phantom,CT,In-situ,,Tool Location
13,C 2009,A Volume Visualization System with Augmented Reality Interaction for Evaluation of Radiotherapy Plans,"International Conference on Innovative Computing, Information and Control",2009,Before 2010,"volume visualization system with augmented reality interaction to display radiotherapy plan contents including computed tomography (CT) images, dose distribution, and mesh models of radiotherapy targets.",False,,planning,neurosurgery,,virtual,hmd_ost,3d,ct,,volume_rendering,,color_coding,off_situ,,False,,Neurosurgery,HMD (Optical See-Through),3D,Volume Rendering,,Planning,Virtual,CT,Off-situ,,Color Coding
5624,Linte 2009,In vitro cardiac catheter navigation via augmented reality surgical guidance,"Medical Imaging 2009: Visualization, Image-Guided Procedures, and Modeling",2009,Before 2010,Overlay pre-op cardiac anatomy from CT to US,False,,intraoperative,cardiothoracic,,phantom,spatial_monitor,2d,ct|us,,surface_modeling,,,off_situ,,False,,Cardiothoracic,Spatial Monitor,2D,Surface Modeling,,Intraoperative,Phantom,"CT, Ultrasound",Off-situ,,
322,Su 2009,Augmented reality during robot-assisted laparoscopic partial nephrectomy: toward real-time 3D-CT to stereoscopic video registration,Urology,2009,Before 2010,"This paper focuses on registration, using CT segmentation and a stereoscopically reconstructed kidney for registration so that the surgical plan and tumor/stone highlights can be displayed intraoperatively. The paper does not actually evaluate performance under stereoscopic viewing, but it can achieve stereoscopic video augmentation at 10 Hz.",False,,intraoperative,abdominal,,patient,spatial_monitor,3d,ct,,surface_modeling,,,off_situ,,False,,Abdominal,Spatial Monitor,3D,Surface Modeling,,Intraoperative,Patient,CT,Off-situ,,
5605,Baumhauer 2010,The MITK Image Guided Therapy toolkit and its application for augmented reality in laparoscopic prostate surgery,"Medical Imaging 2010: Visualization, Image-Guided Procedures, and Modeling.",2010,2010-2015,"Proposed a pipeline for augmenting the endoscopic imaging with other image modalities, with a exemplary application in prostate surgery",False,,intraoperative,urology,,patient,spatial_monitor,2d,rgb,,surface_modeling,,,in_situ,marker_other,False,,Urology,Spatial Monitor,2D,Surface Modeling,Other Marker,Intraoperative,Patient,RGB Camera,In-situ,,
1832,Cheung 2010,Fused video and ultrasound images for minimally invasive partial nephrectomy: A phantom study,Lect. Notes Comput. Sci.,2010,2010-2015,Combines images in a common augmented re- ality environment,False,,intraoperative,urology,,phantom,spatial_monitor,2d_3d,us,,no_post_processing,,,off_situ,,False,,Urology,Spatial Monitor,2D + 3D,No Post-processing,,Intraoperative,Phantom,Ultrasound,Off-situ,,
738,Hansen 2010,Illustrative visualization of 3D planning models for augmented reality in liver surgery.,International Journal of Computer Assisted Radiology and Surgery,2010,2010-2015,To propose a meaningful augmentation of the surgical view with a 3D visualization of planning data which allows reliable comparisons of distances and spatial relations,False,,planning,abdominal,,animal,spatial_projection,3d,mri,,surface_modeling,,,in_situ,marker_optical,True,occlusion|color|texture,Abdominal,Spatial Projection,3D,Surface Modeling,Optical Marker,Planning,Animal,MRI,In-situ,"Occlusion, Color, Texture",
5594,Navab 2010,"Camera augmented mobile C-arm (CAMC): Calibration, accuracy study, and clinical applications",IEEE TRANSACTIONS ON MEDICAL IMAGING,2010,2010-2015,It's CamC. Project X-ray onto anatomy using a semi-transparency mirror,False,,intraoperative,orthopedic,,cadaver,spatial_projection_semtransparent,2d,xray,,no_post_processing,,,in_situ,markerless,False,,Orthopedic,Semi-transparent Projection,2D,No Post-processing,Markerless,Intraoperative,Cadaver,X-ray,In-situ,,
285,Shekhar 2010,Live augmented reality: a new visualization method for laparoscopic surgery using continuous volumetric computed tomography,Surg Endosc,2010,2010-2015,use continuous CT scanning and show deep structure,False,,intraoperative,abdominal,,animal,spatial_monitor,3d,ct,,volume_rendering,,,off_situ,,False,,Abdominal,Spatial Monitor,3D,Volume Rendering,,Intraoperative,Animal,CT,Off-situ,,
357,Teber 2010,In-vitro evaluation of a soft-tissue navigation system for laparoscopic prostatectomy,Journal of Endourlogy,2010,2010-2015,introduce a custom-designed phantom model for the in-vitro evaluation of an augmented reality-based soft-tissue navigation system for ultrasound-guided prostate interventions,False,,intraoperative,urology,,phantom,spatial_monitor,3d,us,,surface_modeling,surface model,,off_situ,,False,,Urology,Spatial Monitor,3D,Surface Modeling,,Intraoperative,Phantom,Ultrasound,Off-situ,,
97,A 2011,MR in OR: First analysis of AR/VR visualization in 100 intra-operative Freehand SPECT acquisitions,IEEE International Symposium on Mixed and Augmented Reality,2011,2010-2015,"analyzed the usage of the Augmented and Virtual Reality visualization modes by the surgical team, while leaving the staff completely uninfluenced and unbiased in order to capture the natural interaction with the system",True,"For some subtasks, e.g. setting proper threshold values for the reconstruction, AR has been the preferred visualization mode, while for other subtasks, e.g. image-guided resection of the lymph node, the preference goes to VR.",intraoperative,oncologic,,patient,spatial_monitor,3d,spect,,surface_modeling,,,in_situ,marker_optical,False,,Oncologic,Spatial Monitor,3D,Surface Modeling,Optical Marker,Intraoperative,Patient,SPECT,In-situ,,
79,R 2011,Trajectory planning with Augmented Reality for improved risk assessment in image-guided keyhole neurosurgery,IEEE International Symposium on Biomedical Imaging,2011,2010-2015,Present a method for reducing the risk associated with the insertion of straight tools in image-guided keyhole neurosurgery with augmented reality assistance.,False,,planning,neurosurgery,,phantom,hmd_vst,3d,mri,,no_post_processing,,tool_location,in_situ,marker_optical,False,,Neurosurgery,HMD (Video See-Through),3D,No Post-processing,Optical Marker,Planning,Phantom,MRI,In-situ,,Tool Location
251,Simpfendörfer 2011,Augmented reality visualization during laparoscopic radical prostatectomy,J Endourol,2011,2010-2015,"present an augmented reality (AR) navigation system that conveys virtual organ models generated from transrectal ultrasonography (TRUS) onto a real laparoscopic video during radical prostatectomy. By providing this additional information about the actual anatomy, we can support surgeons in their working decisions. This work reports the system’s first in-vivo application",False,,intraoperative,urology,,patient,spatial_monitor,3d,us,,surface_modeling,,,off_situ,,False,,Urology,Spatial Monitor,3D,Surface Modeling,,Intraoperative,Patient,Ultrasound,Off-situ,,
339,Tran 2011,Augmented reality system for oral surgery using 3D auto stereoscopic visualization,INTERNATIONAL CONFERENCE ON MEDICAL IMAGE COMPUTING AND COMPUTER ASSISTED INTERVENTION,2011,2010-2015,"In oral surgery, important vessels and nerves must be avoided. To address the lack of depth information in navigation systems at the time, the authors used integral videography and a semi-transparent mirror to build a 3D AR device for model overlay. This setup likely offers a wider field of view than a head-mounted display, but with limited mobility.",False,,intraoperative,oral_maxillofacial,,phantom,spatial_projection_semtransparent,3d,ct,,surface_modeling,,,in_situ,marker_optical,False,,Oral & Maxillofacial,Semi-transparent Projection,3D,Surface Modeling,Optical Marker,Intraoperative,Phantom,CT,In-situ,,
5567,Uneri 2011,Architecture of a high-performance surgical guidance system based on C-arm cone-beam CT: Software platform for technical integration and clinical translation,"Medical Imaging 2011: Visualization, Image-Guided Procedures, and Modeling",2011,2010-2015,"Proposed TREK, a IGS surgical software that supports augmented video with information from image-to-image registration, DRR, segmentation, etc.",False,,intraoperative,mixed,,cadaver,spatial_monitor,2d,ct|rgb,,surface_modeling,,color_coding,off_situ,,False,,Mixed,Spatial Monitor,2D,Surface Modeling,,Intraoperative,Cadaver,"CT, RGB Camera",Off-situ,,Color Coding
323,Weiss 2011,"Augmented reality visualization using Image-Overlay for MR-guided interventions: system description, feasibility, and initial evaluation in a spine phantom",Technical Innovation Musculoskeletal Imaging,2011,2010-2015,"the purpose of this article is to provide a preliminary user assessment of Image-Overlay, an augmented reality system for MRI-guided needle placement, in a spine phantom",False,,intraoperative,abdominal,,phantom,spatial_projection_semtransparent,2d,mri,,no_post_processing,,tool_location,in_situ,markerless,False,,Abdominal,Semi-transparent Projection,2D,No Post-processing,Markerless,Intraoperative,Phantom,MRI,In-situ,,Tool Location
295,Fritz 2012,Augmented reality visualization with image overlay for MRI-guided intervention: accuracy for lumbar spinal procedures with a 1.5-T MRI system,AJR Am J Roentgenol,2012,2010-2015,prospectively evaluate the accuracy of an augmented reality image overlay system in MRI-guided spinal injection procedures.,False,,intraoperative,orthopedic,,phantom,spatial_projection_semtransparent,2d,mri,,no_post_processing,,,in_situ,markerless,False,,Orthopedic,Semi-transparent Projection,2D,No Post-processing,Markerless,Intraoperative,Phantom,MRI,In-situ,,
358,Fritz 2012,Augmented reality visualization with use of image overlay technology for MR imaging-guided interventions: assessment of performance in cadaveric shoulder and hip arthrography at 1.5 T,Radiology,2012,2010-2015,This paper overlaid the MRI image and the planned injection trajectory for intra-operative Shoulder and Hip Arthrography. They performed 23 trails on shoulder and 22 trails on hip. The procedure is directly conducted on MRI machine thus doesnot need registration.,,,intraoperative,orthopedic,,cadaver,spatial_projection_semtransparent,3d,mri,,no_post_processing,,,in_situ,markerless,False,,Orthopedic,Semi-transparent Projection,3D,No Post-processing,Markerless,Intraoperative,Cadaver,MRI,In-situ,,
342,Ieiri 2012,Augmented reality navigation system for laparoscopic splenectomy in children based on preoperative CT image using optical tracking device,Pediatr Surg Int,2012,2010-2015,"In endoscopic surgery, limited views and lack of tactile sensation restrict the surgeon's abilities and increase stress. The authors therefore developed an AR navigation system based on preoperative CT imaging and evaluated its usefulness, feasibility, and accuracy in pediatric laparoscopic splenectomy. However, the registration approach for soft tissue appears overly simplified, the reported registration results reflect this limitation, and organ deformation is not considered.",,,intraoperative,abdominal,,patient,spatial_monitor,3d,ct,,surface_modeling,,,in_situ,markerless,False,,Abdominal,Spatial Monitor,3D,Surface Modeling,Markerless,Intraoperative,Patient,CT,In-situ,,
76,T 2012,Development of Augmented Reality Body-Mark system to support echography,IEEE Biomedical Circuits and Systems,2012,2010-2015,visualization system of 3D shape of internal organs using Augmented Reality,False,,method_development,abdominal,,phantom|patient,spatial_monitor,3d,us,,surface_modeling,Surface model,tool_location,off_situ,,False,,Abdominal,Spatial Monitor,3D,Surface Modeling,,Method Development,"Phantom, Patient",Ultrasound,Off-situ,,Tool Location
5478,Amir-Khalili 2013,Uncertainty-encoded augmented reality for robot-assisted partial nephrectomy: A phantom study,International Workshop on Medical Imaging and Virtual Reality.,2013,2010-2015,Kidney tumor surgery.,False,,intraoperative,urology,,phantom,spatial_monitor,2d,ct|rgb,,surface_modeling,,color_coding,in_situ,markerless,False,,Urology,Spatial Monitor,2D,Surface Modeling,Markerless,Intraoperative,Phantom,"CT, RGB Camera",In-situ,,Color Coding
1708,Fusaglia 2013,Endoscopic image overlay for the targeting of hidden anatomy in laparoscopic visceral surgery,Lect. Notes Comput. Sci,2013,2010-2015,improve visual data supplied for the targeting of non visible anatomical structures in laparoscopic visceral surgery,,,intraoperative,abdominal,,phantom|patient,spatial_monitor,3d,ct,,surface_modeling,,tool_location,off_situ,,False,,Abdominal,Spatial Monitor,3D,Surface Modeling,,Intraoperative,"Phantom, Patient",CT,Off-situ,,Tool Location
249,Katić 2013,Context-aware Augmented Reality in laparoscopic surgery,Comput Med Imaging Graph,2013,2010-2015,Showing different parts of information and filtering available information based on recognized phases in the operating room.,False,,intraoperative,abdominal,,animal,spatial_monitor,3d,ct,,surface_modeling,,,in_situ,marker_optical,False,,Abdominal,Spatial Monitor,3D,Surface Modeling,Optical Marker,Intraoperative,Animal,CT,In-situ,,
1660,Kersten-Oertel 2013,Volume visualization for neurovascular augmented reality surgery,Augmented Reality Environments for Medical Imaging and Computer-Assisted Interventions,2013,2010-2015,Explore different volume rendering method for viscular,False,,intraoperative,neurosurgery,,phantom,spatial_monitor,3d,ct,,volume_rendering,,,off_situ,,True,alpha_transparency,Neurosurgery,Spatial Monitor,3D,Volume Rendering,,Intraoperative,Phantom,CT,Off-situ,Alpha Transparency,
279,Mahvash 2013,A novel augmented reality system of image projection for image-guided neurosurgery,Acta Neurochir,2013,2010-2015,To design and develop an augmented reality system for image-guided surgery of brain tumors using image projection,False,,intraoperative,neurosurgery,,phantom,spatial_projection,3d,rgb,,surface_modeling,The projection ROI is calculated by paired registered MRI surface model and camera image,,off_situ,,False,,Neurosurgery,Spatial Projection,3D,Surface Modeling,,Intraoperative,Phantom,RGB Camera,Off-situ,,
317,Müller 2013,Mobile augmented reality for computer-assisted percutaneous nephrolithotomy,IJCARS,2013,2010-2015,"This work uses a tablet-based AR setup for kidney stone removal and compares it with conventional fluoroscopy- and ultrasound-guided procedures. Trainees and surgeons could still use fluoroscopy when necessary. Results showed advantages for trainees in procedure time and radiation exposure, but for experienced surgeons the tablet-based setup increased procedure time and did not substantially reduce radiation exposure.",False,,intraoperative,urology,,phantom,spatial_monitor,3d,ct,,surface_modeling,,,in_situ,marker_optical,False,,Urology,Spatial Monitor,3D,Surface Modeling,Optical Marker,Intraoperative,Phantom,CT,In-situ,,
319,Szabó 2013,Real-time intraoperative visualization of myocardial circulation using augmented reality temperature display,Int J Cardiovasc Imaging,2013,2010-2015,"Myocardial circulation cannot normally be measured and visualized intraoperatively. This paper innovatively uses thermographic imaging to display it and projects it onto porcine tissue in real time. The implementation is relatively simple but novel, although occlusion handling is not addressed.",False,,intraoperative,cardiothoracic,,animal,spatial_projection,2d,,myocardial circulation,no_post_processing,,,in_situ,markerless,False,,Cardiothoracic,Spatial Projection,2D,No Post-processing,Markerless,Intraoperative,Animal,,In-situ,,
366,Wen 2013,Projection-based visual guidance for robot-aided RF needle insertion,IJCARS,2013,2010-2015,This paper presents an AR guidance mechanism with a projector-camera system to provide the surgeon with direct visual feedback for supervision of robotic needle insertion in radiofrequency (RF) ablation treatment,False,,intraoperative,cardiothoracic,,phantom,spatial_projection,3d,ct,,surface_modeling,,tool_location,in_situ,marker_optical,,adaptive_presentation,Cardiothoracic,Spatial Projection,3D,Surface Modeling,Optical Marker,Intraoperative,Phantom,CT,In-situ,Adaptive Presentation,Tool Location
320,Fritz 2014,MR-guided vertebroplasty with augmented reality image overlay navigation,Cadiovasc Intervent Radiol,2014,2010-2015,To evaluate the feasibility of magnetic resonance imaging (MRI)-guided vertebroplasty at 1.5 Tesla using augmented reality image overlay navigation.,,,intraoperative,orthopedic,,cadaver,spatial_projection_semtransparent,2d,mri,,no_post_processing,,,in_situ,markerless,False,,Orthopedic,Semi-transparent Projection,2D,No Post-processing,Markerless,Intraoperative,Cadaver,MRI,In-situ,,
53,J 2014,Spatially aware mobile interface for 3D visualization and interactive surgery planning,International Conference on Serious Games and Applications for Health,2014,2010-2015,Integration of volume visualization of real medical images with spatial information about the user and the data. Compare performance on different devices,False,,planning,general,,patient,body_handheld,3d,ct,,volume_rendering,,,in_situ,marker_other,False,,General,Handheld Device,3D,Volume Rendering,Other Marker,Planning,Patient,CT,In-situ,,
209,Kang 2014,Stereoscopic augmented reality for laparoscopic surgery,Surg Endosc,2014,2010-2015,a real-time stereoscopic augmented-reality (AR) system for laparoscopic surgery by merging live laparoscopic ultrasound (LUS) with stereoscopic video. The system creates two new visual cue stereo display,False,,intraoperative,abdominal,,phantom|animal,spatial_monitor,2d,us,,no_post_processing,,,in_situ,marker_optical,False,,Abdominal,Spatial Monitor,2D,No Post-processing,Optical Marker,Intraoperative,"Phantom, Animal",Ultrasound,In-situ,,
5825,Kersten-Oertel 2014,An Evaluation of Depth Enhancing Perceptual Cues for Vascular Volume Visualization in Neurosurgery,TVCG,2014,2010-2015,"Empirically test which perceptual depth cues (fog, pseudo-chromadepth, kinetic depth, edges, stereo) best support depth perception of cerebral vasculature",False,,intraoperative,neurosurgery,,dataset,spatial_monitor,3d,mri,,volume_rendering,,,off_situ,,True,occlusion|brightness|shadow|color,Neurosurgery,Spatial Monitor,3D,Volume Rendering,,Intraoperative,Dataset,MRI,Off-situ,"Occlusion, Brightness, Shadow, Color",
1662,Kersten-Oertel 2014,Augmented reality in neurovascular surgery: First experiences,MICCAI-AECAI,2014,2010-2015,give a qualitative evaluation based on comments from the OR and post-operative discussions with the neurosurgeons.,True,"In terms of visualization processing, our experiences show that we are not able to quickly work on changing the visualization properties on the fly in the OR. the use of augmented reality to aid in surgery, particularily in terms of localization of regions of interest in the vasculature and for planning of the craniotomy, the dural opening and the resection corridor.",intraoperative,neurosurgery,,patient,spatial_monitor,3d,angiography,,not_reported,,,off_situ,,True,color,Neurosurgery,Spatial Monitor,3D,Not Reported,,Intraoperative,Patient,Angiography,Off-situ,Color,
4,M 2014,A Semi-automatic Markerless Augmented Reality Approach for On-Patient Volumetric Medical Data Visualization,XVI Symposium on Virtual and Augmented Reality,2014,2010-2015,A marker-free augmented reality approach for on-patient volumetric medical data visualization,False,,method_development,oral_maxillofacial,,patient,spatial_monitor,3d,rgb,,volume_rendering,,,inter_situ,,False,,Oral & Maxillofacial,Spatial Monitor,3D,Volume Rendering,,Method Development,Patient,RGB Camera,Inter-situ,,
31,M 2014,Improving On-Patient Medical Data Visualization in a Markerless Augmented Reality Environment by Volume Clipping,"SIBGRAPI Conference on Graphics, Patterns and Images",2014,2010-2015,"To improve the human perception of an augmented reality scene, its virtual and real entities can be rendered accord- ing to the focus+context visualization.",False,,education,general,,patient,spatial_monitor,3d,ct,,volume_rendering,,,inter_situ,,True,occlusion,General,Spatial Monitor,3D,Volume Rendering,,Education,Patient,CT,Inter-situ,Occlusion,
5456,Pauly 2014,Relevance-based visualization to improve surgeon perception,International Conference on Information Processing in Computer-Assisted Interventions,2014,2010-2015,Improve surgeon perception by enhancing relevant objects (hands/instruments/background) via learning-based scene labeling and relevance-based visualization/fusion.,False,,intraoperative,orthopedic,,phantom,spatial_monitor,2d,xray,,no_post_processing,,,off_situ,,False,,Orthopedic,Spatial Monitor,2D,No Post-processing,,Intraoperative,Phantom,X-ray,Off-situ,,
274,Soler 2014,Real-time 3D image reconstruction guidance in liver resection surgery,Hepatobiliary Surg Nutr,2014,2010-2015,"Develop an AR system for MIS for surgical planning that combined direct volume rendierng and surface rendering. The planning part is VR, the AR part is manually register organ to Da vinci",False,,intraoperative,abdominal,,patient,microscope,3d,ct,,surface_modeling,,,inter_situ,,False,,Abdominal,Microscope,3D,Surface Modeling,,Intraoperative,Patient,CT,Inter-situ,,
5826,Abhari 2015,Training for Planning Tumour Resection: Augmented Reality and Human Factors,IEEE TRANSACTIONS ON BIOMEDICAL ENGINEERING,2015,2010-2015,"we propose an AR system to assist novice surgeons in developing the cognitive skills demonstrated by experts in planning tumour resection interventions. Experiments are conducted to evaluate the proposed system by measuring the user performance, in both AR and conventional environments.",False,,planning,neurosurgery,,phantom,hmd_vst,3d,dti,,surface_modeling,,,in_situ,marker_optical,True,occlusion|shadow,Neurosurgery,HMD (Video See-Through),3D,Surface Modeling,Optical Marker,Planning,Phantom,DTI,In-situ,"Occlusion, Shadow",
191,BesharatiTabrizi 2015,Augmented reality-guided neurosurgery: accuracy and intraoperative application of an image projection technique,J Neurosurg,2015,2010-2015,evaluate system accuracy and to perform the first intraoperative application,False,,intraoperative,neurosurgery,,patient,spatial_projection,3d,mri,,surface_modeling,,,in_situ,marker_other,False,,Neurosurgery,Spatial Projection,3D,Surface Modeling,Other Marker,Intraoperative,Patient,MRI,In-situ,,
335,Chen 2015,Development of a surgical navigation system based on augmented reality using an optical see-through head-mounted display,Journal of Biomedical Informatics,2015,2010-2015,Basically presented a outside-in version of STTAR,,,intraoperative,orthopedic,,phantom|cadaver,hmd_ost,3d,ct,,surface_modeling,,,in_situ,marker_optical,False,,Orthopedic,HMD (Optical See-Through),3D,Surface Modeling,Optical Marker,Intraoperative,"Phantom, Cadaver",CT,In-situ,,
81,H 2015,Introducing Augmented Reality to Optical Coherence Tomography in Ophthalmic Microsurgery,IEEE International Symposium on Mixed and Augmented Reality,2015,2010-2015,Our method brings augmented reality to OCT for the first time by augmenting the surgeon’s view of the OCT images with an estimated instrument cross-section shape and distance to the retinal surface using only information from the shadow of the instrument in intraoperative OCT images.,False,,intraoperative,ophthalmic,,phantom,microscope,2d,oct,,no_post_processing,,,inter_situ,,False,,Ophthalmic,Microscope,2D,No Post-processing,,Intraoperative,Phantom,OCT,Inter-situ,,
292,Kersten-Oertel 2015,Augmented reality in neurovascular surgery: feasibility and first uses in the operating room,Int J Comput Assist Radiol Surg,2015,2010-2015,use an external camera to capture the live view of the patient on the operating room table and to merge this view of the patient on the OR. Compare several visualization techniues,False,,intraoperative,neurosurgery,,patient,microscope,3d,ct,,volume_rendering,,,in_situ,markerless,True,color|contour_edge,Neurosurgery,Microscope,3D,Volume Rendering,Markerless,Intraoperative,Patient,CT,In-situ,"Color, Contour Edge",
324,Pauly 2015,Machine learning-based augmented reality for improved surgical scene understanding,Comput Med Imaging Graph,2015,2010-2015,"This paper uses RGB-D sensing and learning to improve intraoperative scene understanding and depth cues. It combines RGB-D and X-ray information and segments the surgeon, surgical tools, and patient from the images. A possible future direction would be to use stronger segmentation algorithms to improve fusion quality. Depth information is encoded with a colormap.",False,,intraoperative,orthopedic,,phantom,spatial_monitor,2d,xray,,no_post_processing,,color_coding,in_situ,markerless,True,color,Orthopedic,Spatial Monitor,2D,No Post-processing,Markerless,Intraoperative,Phantom,X-ray,In-situ,Color,Color Coding
303,Ai 2016,Augmented reality based real-time subcutaneous vein imaging system,Biomed Opt Express,2016,2016-2020,The study was performed to reduce the failure rate and time required in intravenous injection by providing augmented vein structures that back-project superimposed veins on the skin surface of the hand.,False,,intraoperative,vascular,,patient,spatial_projection,2d,rgb,,other_process,segmented image,,in_situ,markerless,False,,Vascular,Spatial Projection,2D,Other Process,Markerless,Intraoperative,Patient,RGB Camera,In-situ,,
199,Choi 2016,An effective visualization technique for depth perception in augmented reality-based surgical navigation,Int J Med Robot 2016,2016,2016-2020,improve depth perception: Seamless switching between AR and VR,,,intraoperative,orthopedic,,phantom,spatial_monitor,3d,ct,,surface_modeling,,tool_location,off_situ,,True,metric,Orthopedic,Spatial Monitor,3D,Surface Modeling,,Intraoperative,Phantom,CT,Off-situ,Metric,Tool Location
690,Fischer 2016,Preclinical usability study of multiple augmented reality concepts for K-wire placement.,International Journal Computational Assist Radiology Surgery,2016,2016-2020,"This work conducts a preclinical usability study to test and evaluate mixed reality visualization techniques using intraoperative X-ray, optical, and RGBD imaging to augment the surgeon’s view to assist accurate placement of tools.",False,,intraoperative,orthopedic,,phantom,hmd_ost,3d,ct|xray,,surface_modeling,,tool_location,in_situ,markerless,False,,Orthopedic,HMD (Optical See-Through),3D,Surface Modeling,Markerless,Intraoperative,Phantom,"CT, X-ray",In-situ,,Tool Location
1696,Gerard 2016,Improving patient specific neurosurgical models with intraoperative ultrasound and augmented reality visualizations in a neuronavigation environment,Lect. Notes Comput. Sci.,2016,2016-2020,combine intraoperative ultrasound imaging and augmented reality visualization to improve the use of patient specific models throughout image-guided neurosurger,False,,intraoperative,neurosurgery,,patient,spatial_monitor,3d,mri,,surface_modeling,,,off_situ,,True,vague_pictorial,Neurosurgery,Spatial Monitor,3D,Surface Modeling,,Intraoperative,Patient,MRI,Off-situ,Vague Pictorial,
574,Koreeda 2016,Virtually transparent surgical instruments in endoscopic surgery with augmentation of obscured regions.,IJCARS,2016,2016-2020,Use AR to show the anatomy covered by endoscopic tool,False,,intraoperative,abdominal,,animal,spatial_monitor,2d,rgb,,other_process,Other process,tool_coverage_region,in_situ,markerless,False,,Abdominal,Spatial Monitor,2D,Other Process,Markerless,Intraoperative,Animal,RGB Camera,In-situ,,Tool Coverage Region
267,Liu 2016,Laparoscopic stereoscopic augmented reality: toward a clinically viable electromagnetic tracking solution,J Med Imaging,2016,2016-2020,mount the EM sensors on the 3-D laparoscope and the LUS probe,False,,intraoperative,abdominal,,phantom,spatial_monitor,2d,us,,no_post_processing,,,off_situ,,False,,Abdominal,Spatial Monitor,2D,No Post-processing,,Intraoperative,Phantom,Ultrasound,Off-situ,,
182,Ma 2016,Personalized augmented reality for anatomy education,Clin Anat,2016,2016-2020,develop personalized an interactive AR system to help anatomy education,False,,education,general,,human_subject,spatial_monitor,3d,ct,,surface_modeling,,,inter_situ,,False,,General,Spatial Monitor,3D,Surface Modeling,,Education,Human Subject,CT,Inter-situ,,
5387,Roodaki 2016,A surgical guidance system for big-bubble deep anterior lamellar keratoplasty,MICCAI,2016,2016-2020,An AR guidance system with OCT image to do BB-DALK surgery,False,,intraoperative,ophthalmic,,animal,spatial_monitor,2d,oct,,volume_rendering,,tool_location,in_situ,markerless,True,,Ophthalmic,Spatial Monitor,2D,Volume Rendering,Markerless,Intraoperative,Animal,OCT,In-situ,,Tool Location
5371,Soeiro 2016,Mobile solution for brain visualization using augmented and virtual reality,International Conference Information Visualisation,2016,2016-2020,"Build a smartphone app using AR + VR to visualize a patient’s brain, originally aimed at supporting Transcranial Magnetic Stimulation (TMS) guidance, with adaptability to other uses.",False,,planning,neurosurgery,,dataset,body_handheld,3d,mri,,surface_modeling,,,in_situ,,False,,Neurosurgery,Handheld Device,3D,Surface Modeling,,Planning,Dataset,MRI,In-situ,,
754,Wang 2016,Inverse visualization concept for RGB-D augmented C-arms.,Comput Biol Med,2016,2016-2020,"Fusion of RGBD and X-ray. A new inverse C-arm that the source is under the patient. illustrative shadows [29]. It projects the 3D model onto a plane, just like casting a shadow, and integrates it with the 3D visualization. We apply illustrative shadows to enhance the spatial perception of the overlapping layers.",False,,intraoperative,orthopedic,,phantom,spatial_monitor,3d,multimodal,,other_process,combine rgbd information with x-ray,,off_situ,,True,occlusion|shadow,Orthopedic,Spatial Monitor,3D,Other Process,,Intraoperative,Phantom,Multimodal,Off-situ,"Occlusion, Shadow",
347,Watanabe 2016,The Trans-Visible Navigator: A See-Through Neuronavigation System Using Augmented Reality,world neurosurg,2016,2016-2020,"Overlay MRI and CT extracted model on phantom, using tracking in the surgical room",False,,intraoperative,neurosurgery,,patient,body_handheld,3d,ct|mri,,surface_modeling,,,in_situ,marker_optical,False,,Neurosurgery,Handheld Device,3D,Surface Modeling,Optical Marker,Intraoperative,Patient,"CT, MRI",In-situ,,
5360,Baum 2017,Usability of a real-time tracked augmented reality display system in musculoskeletal injections,"Medical Imaging 2017: Image-Guided Procedures, Robotic Interventions, and Modeling.",2017,2016-2020,Overlay scan slices onto patient body with semi-transparent mirror.,False,,intraoperative,orthopedic,,patient,spatial_projection_semtransparent,2d,ct|mri,,no_post_processing,,,in_situ,marker_optical,False,,Orthopedic,Semi-transparent Projection,2D,No Post-processing,Optical Marker,Intraoperative,Patient,"CT, MRI",In-situ,,
333,Cutolo 2017,A new head-mounted display-based augmented reality system in neurosurgical oncology: a study on phantom,Comput Assist Surg,2017,2016-2020,"apply a novel AR system, based on a head-mounted stereoscopic video see-through display compare several effect",False,,planning,neurosurgery,,phantom,hmd_vst,3d,ct,,surface_modeling,,tool_location|target_circle,in_situ,marker_optical,True,kinetic,Neurosurgery,HMD (Video See-Through),3D,Surface Modeling,Optical Marker,Planning,Phantom,CT,In-situ,Kinetic,"Tool Location, Target Circle"
1560,DaSilva 2017,Segmented and detailed visualization of anatomical structures based on augmented reality for health education and knowledge discovery,"Adv. Sci., Technol. Eng. Syst.",2017,2016-2020,use AR to teach anatomy and knowledge discovery,False,,education,general,,virtual,body_handheld,3d,,3d_model,surface_modeling,,,off_situ,,False,,General,Handheld Device,3D,Surface Modeling,,Education,Virtual,,Off-situ,,
1590,Drouin 2017,IBIS: an OR ready open-source platform for image-guided neurosurgery,Int. J. Comput. Assisted Radiol. Surg.,2017,2016-2020,"Provide the navigation by integrating the iUS, can extend from neural surgery to all type of surgery",False,,intraoperative,neurosurgery,,phantom,microscope,3d,multimodal,,surface_modeling,,,in_situ,marker_optical,True,occlusion|contour_edge,Neurosurgery,Microscope,3D,Surface Modeling,Optical Marker,Intraoperative,Phantom,Multimodal,In-situ,"Occlusion, Contour Edge",
307,Marker 2017,1.5 T augmented reality navigated interventional MRI: paravertebral sympathetic plexus injections,Diagn Interv Radiol,2017,2016-2020,assessed the feasibility and technical performance of MRI-guided paravertebral sympathetic injections utilizing augmented reality navigation and 1.5 T MRI scanner.,False,,intraoperative,orthopedic,,cadaver,spatial_projection_semtransparent,2d,mri,,no_post_processing,,tool_location,in_situ,markerless,False,,Orthopedic,Semi-transparent Projection,2D,No Post-processing,Markerless,Intraoperative,Cadaver,MRI,In-situ,,Tool Location
1537,Wang 2017,Autostereoscopic augmented reality visualization for depth perception in endoscopic surgery,Displays,2017,2016-2020,compare different visual cues.,False,,not_specified,not_specified,,phantom,spatial_monitor,3d,ct,,surface_modeling,,,off_situ,,True,occlusion|shadow,Not Specified,Spatial Monitor,3D,Surface Modeling,,Not Specified,Phantom,CT,Off-situ,"Occlusion, Shadow",
181,Zeng 2017,A surgical robot with augmented reality visualization for stereoelectroencephalography electrode implantation,Int J Comput Assist Radiol Surg,2017,2016-2020,"Both projection and Video-see-through monitor Therefore, the target point (TP) error based on the viewpoint deviation should be studied. The system helps the surgeon quickly and intuitively confirm the registration accuracy, locate EPs and visualize the internal anatomical structure in the image space and patient space.",False,,intraoperative,neurosurgery,,phantom,spatial_projection,3d,ct,,surface_modeling,,,in_situ,markerless,False,,Neurosurgery,Spatial Projection,3D,Surface Modeling,Markerless,Intraoperative,Phantom,CT,In-situ,,
346,Fotouhi 2018,"Plan in 2-D, execute in 3-D: an augmented reality solution for cup placement in total hip arthroplasty",Journal of Medical Imaging,2018,2016-2020,x-ray acquisition -> plan the position of acetabular cup -> project the RGBD point cloud and planned cup onto the x-ray -> overlay to implant.,False,,intraoperative,orthopedic,,phantom,spatial_monitor,2d,xray,,no_post_processing,,,off_situ,,False,,Orthopedic,Spatial Monitor,2D,No Post-processing,,Intraoperative,Phantom,X-ray,Off-situ,,
5311,Fotouhi 2018,Technical note: An augmented reality system for total hip arthroplasty,"Medical Imaging 2018: Image-Guided Procedures, Robotic Interventions, and Modeling",2018,2016-2020,easy to use intra-operative component planning system based on two C-arm X-ray images that is combined with 3D augmented reality (AR) visualization that simplifies impactor and cup placement according to the planning by providing a real-time RGBD data overlay.,False,,planning,orthopedic,,phantom,spatial_monitor,2d,xray|rgb,,no_post_processing,,,in_situ,markerless,False,,Orthopedic,Spatial Monitor,2D,No Post-processing,Markerless,Planning,Phantom,"X-ray, RGB Camera",In-situ,,
683,Gerard 2018,Combining intraoperative ultrasound brain shift correction and augmented reality visualizations: a pilot study of eight cases.,Journal of Medical Imaging,2018,2016-2020,investigating the feasibility of combining intraoperative ultrasound for brain shift correction and augmented reality (AR) visualization for intraoperative interpretation of patient-specific models in image-guided neurosurgery (IGNS) of brain tumors.,True,These results demonstrate the potential of combining ultrasound-based registration with AR to become a useful tool for neurosurgeons to improve intraoperative patient-specific planning by improving the understanding of complex 3-D medical imaging data and prolonging the reliable use of IGNS (image-guided neurosurgery),intraoperative,neurosurgery,,patient,spatial_monitor,3d,multimodal,,surface_modeling,,tool_location,in_situ,marker_optical,True,occlusion,Neurosurgery,Spatial Monitor,3D,Surface Modeling,Optical Marker,Intraoperative,Patient,Multimodal,In-situ,Occlusion,Tool Location
218,Kenngott 2018,"Mobile, real-time, and point-of-care augmented reality is robust, accurate, and feasible: a prospective pilot study",Surg Endosc,2018,2016-2020,"focus on a thorough evaluation of AR. Feasibility, robustness, and accuracy were thus evaluated consecutively in a phantom model and a porcine model. Additionally feasibility was evaluated in one male volunteer.",False,,intraoperative,abdominal,,phantom|animal|patient,body_handheld,3d,ct,,surface_modeling,,,in_situ,marker_other,False,,Abdominal,Handheld Device,3D,Surface Modeling,Other Marker,Intraoperative,"Phantom, Animal, Patient",CT,In-situ,,
5294,Sappenfield 2018,Visualization improves supraclavicular access to the subclavian vein in a mixed reality simulator,"Technology, Computing, and Simulation",2018,2016-2020,Test whether 3D real-time visual augmentation in a mixed reality simulator improves training performance for supraclavicular subclavian venous access vs no visualization / delayed visualization.,False,,training,cardiothoracic,,phantom,spatial_monitor,3d,ct,,surface_modeling,,,off_situ,,False,,Cardiothoracic,Spatial Monitor,3D,Surface Modeling,,Training,Phantom,CT,Off-situ,,
1592,Tucker 2018,Towards clinical translation of augmented orthopedic surgery: From pre-op CT to intra-op x-ray via RGBD sensing,Medical Imaging,2018,2016-2020,"propose an intuitive augmented reality environment allowing visualization of pre-operative data during the intervention, with an overlay of the optical information from the surgical site.",False,,intraoperative,orthopedic,,phantom,spatial_monitor,3d,ct,,no_post_processing,,,off_situ,,False,,Orthopedic,Spatial Monitor,3D,No Post-processing,,Intraoperative,Phantom,CT,Off-situ,,
278,Umebayashi 2018,Augmented Reality Visualization-guided Microscopic Spine Surgery: Transvertebral Anterior Cervical Foraminotomy and Posterior Foraminotomy,J Am Acad Orthop Surg Glob Res,2018,2016-2020,"However, data are not currently available on the use of AR imaging in spine surgery. The purpose of this article was to introduce the utility of AR for spine surgery",True,"successfully performed both surgeries using the AR visualization guide. Conclusions: The AR navigation system facilitates complicated keyhole surgeries in patients who undergo spine surgery Need very precise: A 1-mm error can lead to unsuccessful keyhole surgeries because TVACF and PCLF are performed in the 6-mm tunnel. Furthermore, although standard navigation shows a point only on the navigation display",intraoperative,orthopedic,,patient,microscope,2d,ct,,no_post_processing,,,in_situ,markerless,False,,Orthopedic,Microscope,2D,No Post-processing,Markerless,Intraoperative,Patient,CT,In-situ,,
293,Viglialoro 2018,Augmented Reality to Improve Surgical Simulation. Lessons Learned Towards the Design of a Hybrid Laparoscopic Simulator for Cholecystectomy,IEEE Trans Biomed Eng,2018,2016-2020,This paper reports on the results of a long development stage of a hybrid simulator for laparoscopic cholecystectomy that integrates real and the virtual components.,False,,training,abdominal,,phantom,spatial_monitor,3d,,Virtual data (artificial),surface_modeling,,,off_situ,,False,,Abdominal,Spatial Monitor,3D,Surface Modeling,,Training,Phantom,,Off-situ,,
928,vanOosterom 2018,Navigation of Fluorescence Cameras during Soft Tissue Surgery-Is it Possible to Use a Single Navigation Setup for Various Open and Laparoscopic Urological Surgery Applications?,THE JOURNAL OF UROLOGY,2018,2016-2020,Add AR overlay through SPECT to Real-time visualization fluorescence imaging can guide surgeons during tissue resection that overcome the signal attenuation limitations,,,intraoperative,urology,,phantom|patient,spatial_monitor,2d,ct,,other_process,2D contour projection,,off_situ,,False,,Urology,Spatial Monitor,2D,Other Process,,Intraoperative,"Phantom, Patient",CT,Off-situ,,
1496,Carl 2019,Augmented Reality in Transsphenoidal Surgery,World Neurosurg,2019,2016-2020,how augmented reality (AR) can be applied to support transsphenoidal surgery,True,Microscope-based AR is a reliable tool to increase patient safety in complicated transsphenoidal procedures,intraoperative,head_and_neck,,patient,microscope,3d,ct,,surface_modeling,,,in_situ,markerless,True,contour_edge,Head & Neck,Microscope,3D,Surface Modeling,Markerless,Intraoperative,Patient,CT,In-situ,Contour Edge,
190,Carl 2019,Augmented reality in intradural spinal tumor surgery,Acta Neurochir,2019,2016-2020,AR can be applied for intradural spinal tumor surgery,,,intraoperative,orthopedic,,patient,microscope,3d,ct,,surface_modeling,,,in_situ,markerless,True,fresnel,Orthopedic,Microscope,3D,Surface Modeling,Markerless,Intraoperative,Patient,CT,In-situ,Fresnel,
277,DePaolis 2019,Augmented visualization with depth perception cues to improve the surgeon's performance in minimally invasive surgery,Medical & Biological Engineering & Computing,2019,2016-2020,improving the intervention precision and avoid the risk of damaging anatomical structures by implementing visual and audio cues.,False,,intraoperative,abdominal,,phantom,spatial_monitor,3d,ct,,surface_modeling,,tool_location|distance_indicator,off_situ,,True,occlusion|metric,Abdominal,Spatial Monitor,3D,Surface Modeling,,Intraoperative,Phantom,CT,Off-situ,"Occlusion, Metric","Tool Location, Distance Indicator"
96,E 2019,Interactive and Multimodal-based Augmented Reality for Remote Assistance using a Digital Surgical Microscope,IEEE Conference on Virtual Reality and 3D User Interfaces,2019,2016-2020,"an interactive and multimodal-based augmented reality system for computer-assisted surgery in the context of ear, nose and throat (ENT) treatment. Use multispectral and white light imaging",False,,intraoperative,head_and_neck,,dataset,microscope,2d,rgb,,no_post_processing,,color_coding,in_situ,markerless,True,metric,Head & Neck,Microscope,2D,No Post-processing,Markerless,Intraoperative,Dataset,RGB Camera,In-situ,Metric,Color Coding
280,Fotouhi 2019,Interactive Flying Frustums (IFFs): spatially aware surgical data visualization,Int J Comput Assist Radiol Surg,2019,2016-2020,present a spatially and imaging geometry-aware paradigm for visualization of fluoroscopic images using Interactive Flying Frustums (IFFs) in a mixed reality environment.,False,,intraoperative,orthopedic,,phantom,hmd_ost,2d,xray,,no_post_processing,,,in_situ,marker_optical,True,linear_perspective,Orthopedic,HMD (Optical See-Through),2D,No Post-processing,Optical Marker,Intraoperative,Phantom,X-ray,In-situ,Linear Perspective,
276,Gibby 2019,Head-mounted display augmented reality to guide pedicle screw placement utilizing computed tomography,Int J Comput Assist Radiol Surg,2019,2016-2020,whether HMD-AR with superimposed computed tomography (CT) data could allow the wearer to percutaneously guide pedicle screw placement in an opaque lumbar model with no real-time fluoroscopic guidance.,False,,intraoperative,orthopedic,,phantom,hmd_ost,3d,ct,,volume_rendering,,tool_location|trajectory,in_situ,markerless,False,,Orthopedic,HMD (Optical See-Through),3D,Volume Rendering,Markerless,Intraoperative,Phantom,CT,In-situ,,"Tool Location, Trajectory"
1464,Li 2019,A wearable mixed-reality holographic computer for guiding external ventricular drain insertion at the bedside,J Neurosurg,2019,2016-2020,explore the feasibility and accuracy of using a wearable mixed-reality holographic computer to guide external ventricular drain (EVD) insertion and thus improve on the accuracy of the classic freehand insertion method for EVD insertion.,True,"Moreover, we are challenged to provide enough well-trained staff to assist in the surgical planning and registration, and the use of seemingly complex tech- nology also makes the surgeon feel mildly hesitant. These situations are always encountered in studies involv",intraoperative,neurosurgery,,patient,hmd_ost,3d,ct,,surface_modeling,,tool_location,in_situ,marker_other,False,,Neurosurgery,HMD (Optical See-Through),3D,Surface Modeling,Other Marker,Intraoperative,Patient,CT,In-situ,,Tool Location
263,Liu 2019,An augmented reality system for image guidance of transcatheter procedures for structural heart disease,PLoS One,2019,2016-2020,New image guidance system by utilizing AR to provide 3D visual environment and quantitative feedback of the catheter's position within the heart of the patient; use 2D X-ray to visualize 3D anatomy to enhance the spatial understanding,False,,intraoperative,cardiothoracic,,phantom,hmd_ost,3d,ct,,surface_modeling,,tool_location,off_situ,,False,,Cardiothoracic,HMD (Optical See-Through),3D,Surface Modeling,,Intraoperative,Phantom,CT,Off-situ,,Tool Location
1485,Qian 2019,ARAMIS: Augmented Reality Assistance for Minimally Invasive Surgery Using a Head-Mounted Display,MICCAI,2019,2016-2020,"rovide real-time “x- ray see-through vision” of a patient’s internal structure to the surgeon, via an optical see-through head-mounted display (OST-HMD), in minimally invasive laparoscopic surger",False,,intraoperative,abdominal,,phantom,hmd_ost,3d,,point cloud generation from endoscope image,other_process,,,in_situ,,False,,Abdominal,HMD (Optical See-Through),3D,Other Process,,Intraoperative,Phantom,,In-situ,,
150,Rose 2019,Development of augmented-reality applications in otolaryngology-head and neck surgery,Laryngoscope,2019,2016-2020,"develop a head-worn, AR system for accurate, intraoperative localization of pathology and normal anatomic landmarks during open head and neck surgery",False,,intraoperative,head_and_neck,,phantom,hmd_ost,3d,ct,,surface_modeling,,,in_situ,marker_other,False,,Head & Neck,HMD (Optical See-Through),3D,Surface Modeling,Other Marker,Intraoperative,Phantom,CT,In-situ,,
5223,Viglialoro 2019,Augmented Reality to Improve Surgical Simulation: Lessons Learned Towards the Design of a Hybrid Laparoscopic Simulator for Cholecystectomy,IEEE TRANSACTIONS ON BIOMEDICAL ENGINEERING,2019,2016-2020,"A simulator for laparoscopic cholecystectomy surgery, including a physical model and corresponded AR visualization",False,,training,abdominal,,phantom,spatial_monitor,2d,rgb,,no_post_processing,,tool_location|color_coding,in_situ,markerless,False,,Abdominal,Spatial Monitor,2D,No Post-processing,Markerless,Training,Phantom,RGB Camera,In-situ,,"Tool Location, Color Coding"
359,Wake 2019,Patient-specific 3D printed and augmented reality kidney and prostate cancer models: impact on patient education,3D Printing in Medicine,2019,2016-2020,"This paper compares the performance of showing patient model in patient-specific 3D printed model, 3D model on computer, and in augmented reality in kidney and prostate patient education. The result shows 3D printed model has the best performance.",False,,education,urology,,human_subject,hmd_ost,3d,mri,,surface_modeling,,,off_situ,,False,,Urology,HMD (Optical See-Through),3D,Surface Modeling,,Education,Human Subject,MRI,Off-situ,,
587,Weidert 2019,Video-augmented fluoroscopy for distal interlocking of intramedullary nails decreased radiation exposure and surgical time in a bovine cadaveric setting.,Int J Med Robot Aug,2019,2016-2020,"This paper analyzed how the CamC system, which overlays the x-ray image on rgb image, could help reducing the radiation for surgeons for distal interlocking. The result shows the system can reduce the number of x-rays required to perform the procedure. No significant improvement on the time spend for the procedure or the drilling quality is observed.",False,,intraoperative,orthopedic,,cadaver,spatial_monitor,2d,xray,,no_post_processing,,,off_situ,,False,,Orthopedic,Spatial Monitor,2D,No Post-processing,,Intraoperative,Cadaver,X-ray,Off-situ,,
1525,Zhang 2019,Preliminary application of mxed reality in neurosurgery: Development and evaluation of a new intraoperative procedure,J. Clin. Neurosci.,2019,2016-2020,enrolled several typical cases and developed the neurosurgical plans based on the patient’s imaging data mod- eled by MR technique.,True,The feasibility of the MR-HMD application in neurosurgery is confirmed,planning,neurosurgery,,virtual,hmd_ost,3d,ct|mri,,surface_modeling,,,off_situ,,False,,Neurosurgery,HMD (Optical See-Through),3D,Surface Modeling,,Planning,Virtual,"CT, MRI",Off-situ,,
236,Akladios 2020,"Augmented reality in gynecologic laparoscopic surgery: development, evaluation of accuracy and clinical relevance of a device useful to identify ureters during surgery",Surgical Endoscopy,2020,2016-2020,A system to visualize pelvic ureters by AR in laparoscopy on an animal model,,,intraoperative,urology,,animal,spatial_monitor,3d,ct,,surface_modeling,,,off_situ,,False,,Urology,Spatial Monitor,3D,Surface Modeling,,Intraoperative,Animal,CT,Off-situ,,
803,Athanasopoulos 2020,"Real-Time Overlapping of Indocyanine Green-Video Angiography With White Light Imaging for Vascular Neurosurgery: Technique, Implementation, and Clinical Experience.",OPERATIVE NEUROSURGERY,2020,2016-2020,Integrate Multispectral imaging for better microvascular surgical treatment via augmented reality,False,,intraoperative,vascular,,animal,spatial_monitor,2d,rgb,,no_post_processing,,color_coding,off_situ,,False,,Vascular,Spatial Monitor,2D,No Post-processing,,Intraoperative,Animal,RGB Camera,Off-situ,,Color Coding
5152,Cartucho 2020,Multimodal mixed reality visualisation for intraoperative surgical guidance,International Journal of Computer Assisted Radiology and Surgery,2020,2016-2020,propose a MR visualisation platform which projects multiple imaging modalities to assist intraoperative surgical guidance.,False,,intraoperative,neurosurgery,,dataset,hmd_ost,multimodal,ct|us,,other_process,Multi,,off_situ,,False,,Neurosurgery,HMD (Optical See-Through),Multimodal,Other Process,,Intraoperative,Dataset,"CT, Ultrasound",Off-situ,,
5187,Chen 2020,The Preliminary Application of Augmented Reality in Unilateral Orbitozygomatic Maxillary Complex Fractures Treatment,The Journal of Craniofacial Surgery,2020,2016-2020,"Post-op imaging (reduction/healing; plate position consistent with preop plan), occlusion & facial appearance recovery, operation time shortening, plus patient satisfaction mentioned.",True,"occlusion & facial appearance recovery, operation time shortening, plus patient satisfaction mentioned.",intraoperative,oral_maxillofacial,,patient,hmd_ost,3d,ct,,surface_modeling,,,in_situ,marker_other,False,,Oral & Maxillofacial,HMD (Optical See-Through),3D,Surface Modeling,Other Marker,Intraoperative,Patient,CT,In-situ,,
624,GonzálezIzard 2020,"Nextmed: Automatic Imaging Segmentation, 3D Reconstruction, and 3D Model Visualization Platform Using Augmented and Virtual Reality.",Sensors,2020,2016-2020,"The Nextmed project is unique, as it covers the whole process from uploading dicom images to automatic segmentation, 3D reconstruction, 3D visualization, and manipulation using augmented and virtual reality.",False,,planning,cardiothoracic,,virtual,body_handheld,3d,ct|xray,,other_process,3D modeling,,off_situ,,False,,Cardiothoracic,Handheld Device,3D,Other Process,,Planning,Virtual,"CT, X-ray",Off-situ,,
169,Huang 2020,Augmented reality visualization of hyperspectral imaging classifications for image-guided brain tumor phantom resection,Proc SPIE Int Soc Opt Eng,2020,2016-2020,Overlay the HSI image that to detect different type of tissues,False,,intraoperative,neurosurgery,,phantom,hmd_ost,2d,hsi,,no_post_processing,,,in_situ,marker_other,False,,Neurosurgery,HMD (Optical See-Through),2D,No Post-processing,Other Marker,Intraoperative,Phantom,HSI,In-situ,,
268,Hussain 2020,Augmented reality for inner ear procedures: visualization of the cochlear central axis in microscopic videos,Int J Comput Assist Radiol Surg,2020,2016-2020,present an augmented reality system for the visualization of the cochlear axis in surgical videos.,False,,intraoperative,head_and_neck,,dataset,microscope,2d,ct,,other_process,2D outline,anatomy_annotation,in_situ,markerless,False,,Head & Neck,Microscope,2D,Other Process,Markerless,Intraoperative,Dataset,CT,In-situ,,Anatomy Annotation
5118,Kumar 2020,Use of mixed reality for surgery planning: Assessment and development workflow,Journal of Biomedical Informatics,2020,2016-2020,Discuss the application of AR in general medical application,False,,multi_task,mixed,,patient,hmd_ost,3d,ct,,surface_modeling,,color_coding,off_situ,,False,,Mixed,HMD (Optical See-Through),3D,Surface Modeling,,Multi-task,Patient,CT,Off-situ,,Color Coding
286,LégerÉ 2020,MARIN: an open-source mobile augmented reality interactive neuronavigation system,International Journal of Computer Assisted Radiology and Surgery,2020,2016-2020,a system that use mobile device to perform real-time AR video augmentation in the context of image-guided neurosurgery,False,,intraoperative,neurosurgery,,phantom,body_handheld,3d,mri,,surface_modeling,,,in_situ,marker_other,True,occlusion,Neurosurgery,Handheld Device,3D,Surface Modeling,Other Marker,Intraoperative,Phantom,MRI,In-situ,Occlusion,
57,M 2020,Evaluation of Different Visualization Techniques for Perception-Based Alignment in Medical AR,2020 IEEE International Symposium on Mixed and Augmented Reality Adjunct,2020,2016-2020,how different static visualization techniques influence users' ability to perform perception-based alignment in AR for breast reconstruction surgery choice of visualization technique affected the accuracy of depth perception,False,,planning,breast,,phantom,hmd_ost,3d,ct,,surface_modeling,,,in_situ,marker_optical,True,contour_edge,Breast,HMD (Optical See-Through),3D,Surface Modeling,Optical Marker,Planning,Phantom,CT,In-situ,Contour Edge,
315,Neves 2020,Application of holographic augmented reality for external approaches to the frontal sinus,"International Forum of Allergy & Rhinology,",2020,2016-2020,This paper overlays CT segmentations of the sinus onto a cadaver.,False,,intraoperative,head_and_neck,,cadaver,hmd_vst,3d,ct,,surface_modeling,,,in_situ,markerless,False,,Head & Neck,HMD (Video See-Through),3D,Surface Modeling,Markerless,Intraoperative,Cadaver,CT,In-situ,,
1400,Perkins 2020,A Patient-Specific Mixed-Reality Visualization Tool for Thoracic Surgical Planning,Ann. Thorac. Surg,2020,2016-2020,"view a patient’s original preoperative imaging; (2) manipulate a 3-dimensional rendering of that patient ’s chest anatomy including the bronchial, osseus, and vascular structures; and (3) simulate lung deflation and surgical instrument placement.",False,,planning,head_and_neck,,virtual,hmd_ost,3d,ct,,surface_modeling,,tool_location,off_situ,,False,,Head & Neck,HMD (Optical See-Through),3D,Surface Modeling,,Planning,Virtual,CT,Off-situ,,Tool Location
746,Southworth 2020,Performance Evaluation of Mixed Reality Display for Guidance During Transcatheter Cardiac Mapping and Ablation.,CARDIOVASCULAR DEVICES AND SYSTEMS,2020,2016-2020,This work aims to evaluate the performance and quality of a mixed reality system designed for intraprocedural use in cardiac electrophysiology.,True,"The ELVIS system, based on current commercially available mixed ¯ reality hardware, is capable of meeting the hardware performance, image quality, and usability requirements of the electroanatomic mapping display for intraprocedural, real-time use in electrophysiology procedures.",intraoperative,cardiothoracic,,patient,hmd_ost,3d,ct,,volume_rendering,,electrophysiology,off_situ,,False,,Cardiothoracic,HMD (Optical See-Through),3D,Volume Rendering,,Intraoperative,Patient,CT,Off-situ,,Electrophysiology
29,T 2020,Supervised Control for Robot-Assisted Surgery Using Augmented Reality,"International Conference on Control, Automation and Systems",2020,2016-2020,llow the surgeon to supervise the execution of robotic surgery process using AR.,False,,intraoperative,orthopedic,,phantom,hmd_ost,3d,,3d_model,surface_modeling,,tool_location,in_situ,marker_other,False,,Orthopedic,HMD (Optical See-Through),3D,Surface Modeling,Other Marker,Intraoperative,Phantom,,In-situ,,Tool Location
212,Xu 2020,Design and Validation of a Spinal Surgical Navigation System Based on Spatial Augmented Reality,Spine (Phila Pa 1976),2020,2016-2020,develop a spatial augmented reality-based surgical navigation system to assist in the placement of pedicle screws in minimally invasive spine surgery and to verify the accuracy of this method,True,,intraoperative,orthopedic,,phantom,spatial_projection,3d,ct,,surface_modeling,,,in_situ,marker_optical,False,,Orthopedic,Spatial Projection,3D,Surface Modeling,Optical Marker,Intraoperative,Phantom,CT,In-situ,,
1341,Zeiger 2020,Use of Mixed Reality Visualization in Endoscopic Endonasal Skull Base Surgery,Oper. Neurosurg.,2020,2016-2020,To outline an initial experience with a novel technology platform that provides intraoperative navigation using 3D reconstructions of patient anatomy for endoscopic surgery,True,"both the otolaryngologists and neurosurgeons felt that EndoSNAP helped with the visualization and comprehension of vital structures in a complex anatomic region. limitation: include a significant space requirement in the operating room. The physical logistics of bringing the technology into the surgery was challenging at times, particularly in smaller operating rooms. Another significant disadvantage is the time and training necessary to create the 3D reconstructions.",intraoperative,neurosurgery,,patient,spatial_monitor,3d,ct|mri,,not_reported,,tool_location,off_situ,,False,,Neurosurgery,Spatial Monitor,3D,Not Reported,,Intraoperative,Patient,"CT, MRI",Off-situ,,Tool Location
204,Zhao 2020,An Intelligent Augmented Reality Training Framework for Neonatal Endotracheal Intubation,Int Symp Mix Augment Real,2020,2016-2020,propose an intelligent Augmented Reality (AR) training framework that provides trainees with a complete visualization of the ETI procedure for real-time guidance and assessment (deliver automated AR feedback with the ETI scoring rubric),False,,training,head_and_neck,,phantom,hmd_ost,3d,,3d_model,surface_modeling,,tool_location,in_situ,marker_other,False,,Head & Neck,HMD (Optical See-Through),3D,Surface Modeling,Other Marker,Training,Phantom,,In-situ,,Tool Location
235,Aoyama 2021,The Utility of Augmented Reality in Spinal Decompression Surgery Using CT/MRI Fusion Image,Open Access Technical Report,2021,2021-2026,"This study applied HMD to visualize fused CT/MRI images for the pre-operative planning, and claimed to be beneficial for navigation.",,,planning,neurosurgery,,virtual,hmd_ost,3d,ct|mri,,other_process,MRI/CT Image Fusion,,off_situ,,False,,Neurosurgery,HMD (Optical See-Through),3D,Other Process,,Planning,Virtual,"CT, MRI",Off-situ,,
201,ChanHHL 2021,An integrated augmented reality surgical navigation platform using multi-modality imaging for guidance,PLOS ONE,2021,2021-2026,"Through preclinical study, evaluate the performance of a prototype interactive AR surgical navigation system",,,intraoperative,not_specified,,animal,spatial_projection,3d,ct|mri|pet,,other_process,Mixed,,in_situ,marker_optical,False,,Not Specified,Spatial Projection,3D,Other Process,Optical Marker,Intraoperative,Animal,"CT, MRI, PET",In-situ,,
217,Condino 2021,Hybrid Simulation and Planning Platform for Cryosurgery with Microsoft HoloLens,Sensors,2021,2021-2026,anatomical understanding and pre-operative planning by integrating radiological images and cryoprobe specifications in desktop application or in HoloLens,,,planning,oncologic,,phantom,hmd_ost,3d,ct,,surface_modeling,,,in_situ,marker_other,False,,Oncologic,HMD (Optical See-Through),3D,Surface Modeling,Other Marker,Planning,Phantom,CT,In-situ,,
1433,Condino 2021,Hybrid spine simulator prototype for x-ray free pedicle screws fixation training,Appl. Sci.,2021,2021-2026,simulation for xcrews fixation training,False,,training,orthopedic,,phantom,spatial_monitor,3d,ct,,surface_modeling,,,off_situ,,False,,Orthopedic,Spatial Monitor,3D,Surface Modeling,,Training,Phantom,CT,Off-situ,,
5045,D'Urso 2021,Computer-assisted quantification and visualization of bowel perfusion using fluorescence-based enhanced reality in left-sided colonic resections,Surgical Endoscopy,2021,2021-2026,Overlay fluorescence onto endoscopic images to assist bowel perfusion surgery,False,,intraoperative,abdominal,,patient,spatial_monitor,2d,rgb,,no_post_processing,,,in_situ,markerless,False,,Abdominal,Spatial Monitor,2D,No Post-processing,Markerless,Intraoperative,Patient,RGB Camera,In-situ,,
188,Dho 2021,Development of an inside-out augmented reality technique for neurosurgical navigation,Neurosurg Focus,2021,2021-2026,Developed a pilot model of inside-out tracking AR navigation system,False,,intraoperative,neurosurgery,,phantom,body_handheld,3d,mri,,surface_modeling,,,in_situ,marker_other,False,,Neurosurgery,Handheld Device,3D,Surface Modeling,Other Marker,Intraoperative,Phantom,MRI,In-situ,,
373,Fotouhi 2021,Development and Pre-Clinical Analysis of Spatiotemporal-Aware Augmented Reality in Orthopedic Interventions.,transactions on medical imaging,2021,2021-2026,reveal how exemplary workflows are redefinedby taking full advantageof head-mounteddisplays when entirely co-registered with the imaging system at all times.,False,,intraoperative,orthopedic,,phantom,hmd_ost,2d,xray,,no_post_processing,,tool_location,in_situ,marker_other,False,,Orthopedic,HMD (Optical See-Through),2D,No Post-processing,Other Marker,Intraoperative,Phantom,X-ray,In-situ,,Tool Location
2746,Franson 2021,"A System for Real-Time, Online Mixed-Reality Visualization of Cardiac Magnetic Resonance Images.",Journal of Imaging,2021,2021-2026,Realtime acquation and visualization MRI data,False,,intraoperative,cardiothoracic,,virtual,hmd_ost,3d,mri,,volume_rendering,,,off_situ,,False,,Cardiothoracic,HMD (Optical See-Through),3D,Volume Rendering,,Intraoperative,Virtual,MRI,Off-situ,,
1388,García-Mato 2021,Augmented reality visualization for craniosynostosis surgery,Comput. Methods Biomech. Biomed. Eng. Imaging and Visualization,2021,2021-2026,overlay virtual models on the surgical field using augmented reality technology. Reduce the dependence of experience requirements,False,,intraoperative,neurosurgery,,phantom|patient,body_handheld,3d,ct,,surface_modeling,,,in_situ,marker_other,False,,Neurosurgery,Handheld Device,3D,Surface Modeling,Other Marker,Intraoperative,"Phantom, Patient",CT,In-situ,,
414,Gouveia 2021,Breast cancer surgery with augmented reality.,The Breast,2021,2021-2026,"This work describes, to our knowledge, the first experimental test with a digital non-invasive method for intra-operative breast cancer localization using augmented reality to guide breast conservative surgery.",True,"Breast cancer conservative guided surgery with an AR headset, using 3D digital breast models, could pave the way for a digital, non-invasive method for intra-operative tumor localization.",intraoperative,breast,,patient,hmd_ost,3d,ct,,surface_modeling,,,in_situ,marker_other,False,,Breast,HMD (Optical See-Through),3D,Surface Modeling,Other Marker,Intraoperative,Patient,CT,In-situ,,
139,Huang 2021,Augmented reality-based autostereoscopic surgical visualization system for telesurgery,Int J Comput Assist Radiol Surg,2021,2021-2026,"a novel autostereoscopic surgical visualization system integrating 3D intraoperative scene reconstruction, autostereoscopic 3D display, and augmented reality-based image fusion.",False,,intraoperative,other,Technologies,phantom,autostereoscopic_3d_display,3d,ct,,surface_modeling,,,off_situ,,False,,Other,Autostereoscopic 3D Display,3D,Surface Modeling,,Intraoperative,Phantom,CT,Off-situ,,
5020,Huang 2021,Enhanced perception of carotid artery depth under nasal endoscope,International Conference on Video and Image Processing,2021,2021-2026,,False,,intraoperative,head_and_neck,,dataset,spatial_monitor,2d,rgb,,other_process,Enhancing info,,off_situ,,True,color,Head & Neck,Spatial Monitor,2D,Other Process,,Intraoperative,Dataset,RGB Camera,Off-situ,Color,
5099,Joeres 2021,Audiovisual AR concepts for laparoscopic subsurface structure navigation,Graphics Interface Conference,2021,2021-2026,Improve localization of subsurface target/risk structures during laparoscopic resection wound repair (motivated by partial nephrectomy) using AR visualization and auditory guidance based on tool position.,False,,intraoperative,urology,,phantom,spatial_monitor,3d,ct,,surface_modeling,,tool_location,off_situ,,True,occlusion,Urology,Spatial Monitor,3D,Surface Modeling,,Intraoperative,Phantom,CT,Off-situ,Occlusion,Tool Location
84,K 2021,An Augmented Reality Application for Clinical Breast Examination Training,2021 IEEE International Conference on Artificial Intelligence and Virtual Reality,2021,2021-2026,mapped the real-time force data to the Unity application to let the user visualize the palpation force applied on the phantom,False,,training,breast,,phantom,body_handheld,3d,mri,,surface_modeling,,,in_situ,marker_other,False,,Breast,Handheld Device,3D,Surface Modeling,Other Marker,Training,Phantom,MRI,In-situ,,
5057,Li 2021,Towards quantitative and intuitive percutaneous tumor puncture via augmented virtual reality,Computerized Medical Imaging and Graphics,2021,2021-2026,Provide a quantitative (constraint/SDF-based) needle path planning method and an intuitive in-situ holographic navigation interface for percutaneous respiratory tumor puncture (RFA context).,False,,intraoperative,abdominal,,animal,hmd_ost,3d,ct,,surface_modeling,,tool_location|needle_trajectory,in_situ,marker_optical,False,,Abdominal,HMD (Optical See-Through),3D,Surface Modeling,Optical Marker,Intraoperative,Animal,CT,In-situ,,"Tool Location, Needle Trajectory"
5107,Liu 2021,Application of Mixed Reality Using Optical See-Through Head-Mounted Displays in Transforaminal Percutaneous Endoscopic Lumbar Discectomy,BioMed Research International,2021,2021-2026,,True,44 MixR vs 43 conventional; reduced operation time and radiation exposure for key steps and total procedure; no difference in clinical outcomes (NRS/ODI); eye fatigue increased in MixR group.,intraoperative,orthopedic,,patient,hmd_ost,3d,ct,,surface_modeling,,,in_situ,marker_other,False,,Orthopedic,HMD (Optical See-Through),3D,Surface Modeling,Other Marker,Intraoperative,Patient,CT,In-situ,,
244,Mespreuve 2021,The Usefulness of Magnetic Resonance Angiography to Analyze the Variable Arterial Facial Anatomy in an Effort to Reduce Filler-Associated Blindness: Anatomical Study and Visualization Through an Augmented Reality Application,Aesthet Surg J Open Forum,2021,2021-2026,To evaluate if the use of magnetic resonance angiography (MRA) may visualize the arterial facial anatomy in a contrast- and radiation-free way and study the individual arterial variations using an augmented reality (AR) image.,False,,intraoperative,oral_maxillofacial,,patient,body_handheld,3d,mri,,surface_modeling,,,in_situ,markerless,False,,Oral & Maxillofacial,Handheld Device,3D,Surface Modeling,Markerless,Intraoperative,Patient,MRI,In-situ,,
198,MoralesMojica 2021,A Holographic Augmented Reality Interface for Visualizing of MRI Data and Planning of Neurosurgical Procedures,J Digit Imaging,2021,2021-2026,holographic visualization of high-resolution imersive experiences is good for planning neurosurgical procedure,False,,planning,neurosurgery,,virtual,hmd_ost,3d,mri,,surface_modeling,,tool_location,off_situ,,False,,Neurosurgery,HMD (Optical See-Through),3D,Surface Modeling,,Planning,Virtual,MRI,Off-situ,,Tool Location
561,Moreta-Martinez 2021,Combining Augmented Reality and 3D Printing to Improve Surgical Workflows in Orthopedic Oncology: Smartphone Application and Clinical Evaluation.,sensors,2021,2021-2026,"present an innovative solution combining 3D printing and AR in orthopedic oncological surgery. A new surgical workflow is proposed, including 3D printed models and a novel AR-based smartphone application (app).",False,,multi_task,orthopedic,,patient,body_handheld,3d,ct,,surface_modeling,,color_coding,in_situ,marker_other,False,,Orthopedic,Handheld Device,3D,Surface Modeling,Other Marker,Multi-task,Patient,CT,In-situ,,Color Coding
208,Suzuki 2021,Surgical Applications of Lymphatic Vessel Visualization Using Photoacoustic Imaging and Augmented Reality,J Clin Med 2021,2021,2021-2026,"Photoacoustic lymphangiography (PAL) is a new technology for visualizing lymphatic vessels. It can depict lymphatic vessels at high resolution; therefore, this study focused on how to apply PAL for lymphatic surgery. T",False,,intraoperative,vascular,,patient,hmd_ost,2d,photoacoustic,,no_post_processing,,,in_situ,markerless,False,,Vascular,HMD (Optical See-Through),2D,No Post-processing,Markerless,Intraoperative,Patient,Photoacoustic,In-situ,,
363,Tsukada 2021,Augmented Reality-Assisted Femoral Bone Resection in Total Knee Arthroplasty,JBJS open access,2021,2021-2026,n augmented reality (AR)-based navigation system allows visualization of the center of the femoral head and femoral mechanical axis superimposed on the surgical field during total knee arthroplasty (TKA) and may help surgeons to improve the accuracy of distal femoral resection. the smartphone fix on patient's body accaturally,False,,intraoperative,orthopedic,,patient,body_handheld,3d,ct,,surface_modeling,,tool_location,in_situ,marker_optical,False,metric,Orthopedic,Handheld Device,3D,Surface Modeling,Optical Marker,Intraoperative,Patient,CT,In-situ,Metric,Tool Location
180,Yamamoto 2021,Experimental pilot study for augmented reality-enhanced elbow arthroscopy,Sci Rep,2021,2021-2026,,False,,intraoperative,orthopedic,,animal,spatial_monitor,3d,ct,,surface_modeling,,,off_situ,,True,contour_edge,Orthopedic,Spatial Monitor,3D,Surface Modeling,,Intraoperative,Animal,CT,Off-situ,Contour Edge,
875,Bindschadler 2022,HEARTBEAT4D: An Open-source Toolbox for Turning 4D Cardiac CT into VR/AR.,Journal of Digital Imaging,2022,2021-2026,An open-source tools readily available to facilitate the transformation from raw medical images to dynamic and interactive augmented or virtual reality representations.,False,,education,cardiothoracic,,virtual,spatial_monitor,4d,ct,,surface_modeling,,color_coding,off_situ,,False,,Cardiothoracic,Spatial Monitor,4D,Surface Modeling,,Education,Virtual,CT,Off-situ,,Color Coding
1146,Chang 2022,Augmented Reality-Assisted Percutaneous Pedicle Screw Instrumentation: A Cadaveric Feasibility and Accuracy Study,Appl. Sci.,2022,2021-2026,"Although this is not a case report for a proven system, it is a cadaveric study and no details about the augmented visualization.",False,"AR-assisted percutaneous pedicle screw instrumentation could improve anatomical visualization, facilitate surgical workflow, and provide an intuitive method of surgery",intraoperative,orthopedic,,cadaver,hmd_vst,3d,ct,,surface_modeling,,tool_location,in_situ,marker_optical,False,,Orthopedic,HMD (Video See-Through),3D,Surface Modeling,Optical Marker,Intraoperative,Cadaver,CT,In-situ,,Tool Location
164,Chiou 2022,Augmented Reality Surgical Navigation System for External Ventricular Drain,Healthcare,2022,2021-2026,"The tablet application to obtain real-time DICOM-formatted images of the patient, change the position of the surgical entry point, and instantly obtain an updated surgical path and surgical angle.",,,intraoperative,neurosurgery,,phantom,body_handheld,3d,ct|mri,,surface_modeling,,tool_location|information_panel,in_situ,marker_optical,False,,Neurosurgery,Handheld Device,3D,Surface Modeling,Optical Marker,Intraoperative,Phantom,"CT, MRI",In-situ,,"Tool Location, Information Panel"
1305,Groves 2022,Towards a First-Person Perspective Mixed Reality Guidance System for Needle Interventions,Journal of Imaging,2022,2021-2026,"use of a surgical navigation system that renders a calibrated US image, and the needle and its trajectory, in a common frame of reference. compare on monitor and on VST and talked about expert tend to trust their experiences.",False,,intraoperative,abdominal,,phantom,multiple_devices,2d,us,,no_post_processing,,tool_location,in_situ,markerless,False,,Abdominal,Multiple Devices,2D,No Post-processing,Markerless,Intraoperative,Phantom,Ultrasound,In-situ,,Tool Location
1298,Huang 2022,Anatomy Education Method using Autostereoscopic 3D Image Overlay and Mid-Air Augmented Reality Interaction,Dig. Tech. Pap. SID Int. Symp.,2022,2021-2026,3D visualization and interaction of virtual soft tissues,False,,education,cardiothoracic,,virtual,spatial_projection_semtransparent,3d,,,other_process,hand-crafted model,tool_location,off_situ,,False,,Cardiothoracic,Semi-transparent Projection,3D,Other Process,,Education,Virtual,,Off-situ,,Tool Location
1210,Jia 2022,Case Report: Application of Mixed Reality Combined With A Surgical Template for Precise Periapical Surgery,Frontiers in Surgery,2022,2021-2026,We sought to combine mixed reality (MR) technology with a 3-dimensional (3D) printed surgical template to achieve visualization in apical surgery.,True,They successfully developed a suitable surgical workflow and confirmed the optimal surgical approach from the buccal side.,planning,oral_maxillofacial,,patient,hmd_ost,3d,ct,,volume_rendering,,,off_situ,,False,,Oral & Maxillofacial,HMD (Optical See-Through),3D,Volume Rendering,,Planning,Patient,CT,Off-situ,,
149,Johnson 2022,Patient posture correction and alignment using mixed reality visualization and the HoloLens 2,Med Phys,2022,2021-2026,patient posture correction and alignment using mixed reality (MixR) visualization. (Use CT to get the contour of the patient),False,,intraoperative,other,posture correction,phantom,hmd_ost,3d,ct,,surface_modeling,,,in_situ,marker_other,False,,Other,HMD (Optical See-Through),3D,Surface Modeling,Other Marker,Intraoperative,Phantom,CT,In-situ,,
1157,Lau 2022,Clinical Applications of Mixed Reality and 3D Printing in Congenital Heart Disease,Biomolecules,2022,2021-2026,Evaluate dicom/3D print model and MR visualization how they help the anatomical understanding,,,education,cardiothoracic,,phantom,hmd_ost,3d,ct,,surface_modeling,,,off_situ,,False,,Cardiothoracic,HMD (Optical See-Through),3D,Surface Modeling,,Education,Phantom,CT,Off-situ,,
885,Lu 2022,Applications of Mixed Reality Technology in Orthopedics Surgery: A Pilot Study.,,2022,2021-2026,to explore the potential of mixed reality (MR) technology in the visualization of orthopedic surgery,True,The integration of MR technology in orthopaedic surgery reduces the dependence on surgeons’ experience and provides personalized 3D visualization models for accurate diagnosis and treatment of orthopaedic abnormalities,multi_task,orthopedic,,phantom|patient,multiple_devices,3d,ct,,surface_modeling,,,in_situ,marker_other,False,,Orthopedic,Multiple Devices,3D,Surface Modeling,Other Marker,Multi-task,"Phantom, Patient",CT,In-situ,,
4937,Maddali 2022,Spatial Orientation in Cardiac Ultrasound Images Using Mixed Reality: Design and Evaluation,Frontiers in Virtual Reality,2022,2021-2026,Design and assess an MR-based visualization system for 4D (3D + time) echocardiography to improve ease of spatial orientation compared with a standard clinical viewing system.,False,,planning,cardiothoracic,,dataset,hmd_ost,4d,us,,volume_rendering,,,off_situ,,False,,Cardiothoracic,HMD (Optical See-Through),4D,Volume Rendering,,Planning,Dataset,Ultrasound,Off-situ,,
102,N 2022,Pose Estimation and Non-Rigid Registration for Augmented Reality During Neurosurgery,IEEE Transactions on Biomedical Engineering,2022,2021-2026,Augmented Reality neurosurgical system to superimpose pre-operative 3D meshes derived from MRI onto a view of the brain surface to overcome tissue deformation.,False,,intraoperative,neurosurgery,,patient,spatial_monitor,2d,rgb,,no_post_processing,,,off_situ,,False,,Neurosurgery,Spatial Monitor,2D,No Post-processing,,Intraoperative,Patient,RGB Camera,Off-situ,,
145,Nguyen 2022,HoloUS: Augmented reality visualization of live ultrasound images using HoloLens for ultrasound-guided procedures,Int J Comput Assist Radiol Surg,2022,2021-2026,integrate the ultrasound image to HMD,False,,intraoperative,general,,phantom,hmd_ost,2d,us,,no_post_processing,,,in_situ,marker_other,False,,General,HMD (Optical See-Through),2D,No Post-processing,Other Marker,Intraoperative,Phantom,Ultrasound,In-situ,,
1253,Roethe 2022,Augmented reality visualization in brain lesions: a prospective randomized controlled evaluation of its potential and current limitations in navigated microneurosurgery,Acta Neurochirurgica,2022,2021-2026,examines intraoperative visualization parameters and clinical impact of AR in brain tumor surgery,True,Navigation effort was significantly reduced in AR. The main benefit of HUD-based AR visualization in brain tumor surgery is the integrated continuous display allowing for pointer-less navigation. Navigation view (PiP) provides the highest usability while blocking the operative field less frequently. Visualization quality will benefit from improvements in registration accuracy and depth impression.,intraoperative,neurosurgery,,patient,microscope,3d,mri,,surface_modeling,,,in_situ,,False,,Neurosurgery,Microscope,3D,Surface Modeling,,Intraoperative,Patient,MRI,In-situ,,
147,Schwenderling 2022,Augmented reality visualization of automated path planning for percutaneous interventions: a phantom study,Int J Comput Assist Radiol Surg,2022,2021-2026,,False,,planning,oncologic,,phantom,spatial_projection,3d,ct,,surface_modeling,,,in_situ,markerless,False,,Oncologic,Spatial Projection,3D,Surface Modeling,Markerless,Planning,Phantom,CT,In-situ,,
177,Song 2022,HAPPY: Hip Arthroscopy Portal Placement Using Augmented Reality,J Imaging,2022,2021-2026,highlight the anatomy that is visible in the endoscopic camera frustum and use an automatic colorization method to improve spatial perception,False,,intraoperative,orthopedic,,phantom,hmd_ost,3d,ct,,surface_modeling,,color_coding,in_situ,marker_optical,True,color,Orthopedic,HMD (Optical See-Through),3D,Surface Modeling,Optical Marker,Intraoperative,Phantom,CT,In-situ,Color,Color Coding
160,Stewart 2022,Study on augmented reality for robotic surgery bedside assistants,J Robot Surg,2022,2021-2026,We hypothesized that an augmented reality headset enabling 3D intra- corporeal vision while facing the surgical field could decrease time and improve accuracy of robotic bedside tasks.,False,,intraoperative,abdominal,,phantom,hmd_ost,2d,rgb,,no_post_processing,,tool_location,off_situ,,False,,Abdominal,HMD (Optical See-Through),2D,No Post-processing,,Intraoperative,Phantom,RGB Camera,Off-situ,,Tool Location
202,Tigchelaar 2022,Augmented Reality Neuronavigation for En Bloc Resection of Spinal Column Lesions,World Neurosurg,2022,2021-2026,describe the first application of ARNV to perform distal sacrococcygectomies for the en bloc removal of sacral and retrorectal lesions,True,,intraoperative,neurosurgery,,patient,microscope,3d,ct,,surface_modeling,,,in_situ,marker_optical,False,,Neurosurgery,Microscope,3D,Surface Modeling,Optical Marker,Intraoperative,Patient,CT,In-situ,,
2887,Wang 2022,Application of a three-dimensional visualization model in intraoperative guidance of percutaneous nephrolithotomy.,International journal of Urology,2022,2021-2026,"Through Hololens visualization of the target and intraoperative ultrasound guidance, surgeon make the puncture to do percutaneous nephrolithotomy procedure.",False,,intraoperative,urology,,patient,hmd_ost,3d,ct,,volume_rendering,,tool_location,in_situ,markerless,False,,Urology,HMD (Optical See-Through),3D,Volume Rendering,Markerless,Intraoperative,Patient,CT,In-situ,,Tool Location
196,Wu 2022,Stereotactic co-axial projection imaging for augmented reality neuronavigation: a proof-of-concept study,Quant Imaging Med Surg,2022,2021-2026,e developed an integrated dexterous stereotactic co-axial projection imaging (sCPI) system featuring orthotopic image projection for augmented reality (AR) neurosurgical navigation.,False,,intraoperative,neurosurgery,,phantom,spatial_projection,3d,mri,,surface_modeling,,,in_situ,marker_other,False,,Neurosurgery,Spatial Projection,3D,Surface Modeling,Other Marker,Intraoperative,Phantom,MRI,In-situ,,
4925,Zampokas 2022,Real-time stereo reconstruction of intraoperative scene and registration to preoperative 3D models for augmenting surgeons' view during RAMIS,Medical Physics,2022,2021-2026,The core is a intra-op 3D reconstruction and registration pipeline to deformably correctly map pre-op data to intra-op scenario. The author defined the study as AR system by visualizing the deformably mapped data,False,,intraoperative,not_specified,,dataset,multiple_devices,3d,ct|mri|rgb,,surface_modeling,,,in_situ,markerless,False,,Not Specified,Multiple Devices,3D,Surface Modeling,Markerless,Intraoperative,Dataset,"CT, MRI, RGB Camera",In-situ,,
3097,Zhang 2022,Case report: Resection of a massive primary sacrococcygeal mature teratoma in an adult using 3-dimensional reconstruction and mixed reality technology.,Frontiers in Surgery,2022,2021-2026,,True,"he 3-dimensional reconstruction and mixed reality (MR) technology based on computed tomography can provide spatial visualization, which allows surgeons to examine the teratoma at different angles preoperatively. Combining 3-dimensional reconstruction and mixed reality (MR) technology in this case facilitated complete resection and prevented recurrence.",planning,oncologic,,patient,hmd_ost,3d,ct,,surface_modeling,,,off_situ,,False,,Oncologic,HMD (Optical See-Through),3D,Surface Modeling,,Planning,Patient,CT,Off-situ,,
3247,Zhu 2022,Application value of mixed reality in hepatectomy for hepatocellular carcinoma.,World Journal of Gastrointestinal Surgery,2022,2021-2026,To evaluate the application value of MR technology in hepatectomy for hepato-cellular carcinoma (HCC).,True,"MR has some application value in three-dimensional visualization of the liver, surgical planning, and intraoperative navigation during hepatectomy, and it significantly improves the perioperative outcomes of hepatectomy for HCC.",intraoperative,abdominal,,patient,hmd_ost,3d,mri,,volume_rendering,,,in_situ|off_situ,,False,,Abdominal,HMD (Optical See-Through),3D,Volume Rendering,,Intraoperative,Patient,MRI,"In-situ, Off-situ",,
54,A 2023,A Closer Look at Dynamic Medical Visualization Techniques,IEEE International Symposium on Mixed and Augmented Realit,2023,2021-2026,"This work investigates whether dynamic cues impact depth and shape perception in medical AR applications in the context of MIS procedures for visualizing blood vessels. Object Flow, Wave Propagation",False,,method_development,vascular,,virtual,spatial_monitor,3d,,Synthetic model,surface_modeling,,,off_situ,,True,shadow|metric|kinetic,Vascular,Spatial Monitor,3D,Surface Modeling,,Method Development,Virtual,,Off-situ,"Shadow, Metric, Kinetic",
4885,Allen 2023,Towards Virtual Displays in the Interventional Radiology Suite: A Feasibility Study,Medical Imaging,2023,2021-2026,"develop an augmented reality “cockpit” that streams and renders intraoperative imaging (e.g., ultrasound) on virtual displays in HoloLens 2 to address space and display-positioning constraints in the IR suite.",False,,intraoperative,abdominal,,phantom,hmd_ost,2d,us,,no_post_processing,,,off_situ,,False,,Abdominal,HMD (Optical See-Through),2D,No Post-processing,,Intraoperative,Phantom,Ultrasound,Off-situ,,
1108,Benmahdjoub 2023,Evaluation of AR visualization approaches for catheter insertion into the ventricle cavity,IEEE TRANSACTIONS ON VISUALIZATION AND COMPUTER GRAPHICS,2023,2021-2026,investigate the adequacy of one modality over the other. 2D approach (tablet+virtual display)/ 3D approach (in-situ/ inter-situ),False,,intraoperative,cardiothoracic,,phantom,hmd_ost,3d,ct,,surface_modeling,,,inter_situ,,True,occlusion,Cardiothoracic,HMD (Optical See-Through),3D,Surface Modeling,,Intraoperative,Phantom,CT,Inter-situ,Occlusion,
1125,Bitschi 2023,Preoperative Mixed-Reality Visualization of Complex Tibial Plateau Fractures and Its Benefit Compared to CT and 3D Printing,Journal of Clinical Medicine,2023,2021-2026,investigates whether mixed-reality visualization (MRV) using mixed- reality glasses can provide a benefit for CT and/or 3D printing in planning treatment strategies for complex TPFs,False,,planning,orthopedic,,phantom,hmd_ost,3d,ct,,surface_modeling,,,off_situ,,False,,Orthopedic,HMD (Optical See-Through),3D,Surface Modeling,,Planning,Phantom,CT,Off-situ,,
2714,Cao 2023,Clinical Value of Mixed Reality-Assisted Puncture Navigation for Percutaneous Nephrolithotripsy.,Surgical Techniques in Urology,2023,2021-2026,"To compare mixed reality assisted puncture with traditional method, it can safely and effectively improve the success of the procedure.",True,"There were no significant differences in patient demographic indicators or preoperative general information between the MRAPN and non-MRAPN groups (P > .05). The clinical value of MRAPN was higher for subjective scores regarding surgical planning, intraoperative navigation, didactic guidance and physician−patient communication (all P < .001).",intraoperative,urology,,patient,hmd_ost,3d,ct|mri,,volume_rendering,,tool_location,in_situ,markerless,False,,Urology,HMD (Optical See-Through),3D,Volume Rendering,Markerless,Intraoperative,Patient,"CT, MRI",In-situ,,Tool Location
566,Chen 2023,Towards transcervical ultrasound image guidance for transoral robotic surgery.,Int J Comput Assist Radiol Surg,2023,2021-2026,potentially enhance the visualization of the anatomy and cancerous tumors to provide additional tools for decision-making in surgery,True,"the first complete pipeline for MRI-US-robot- patient registration for US-guided AR system for TORS, with the transducer placed on the neck for a transcervical view",intraoperative,oral_maxillofacial,,phantom|patient,spatial_monitor,3d,mri|us,,surface_modeling,,,off_situ,,False,,Oral & Maxillofacial,Spatial Monitor,3D,Surface Modeling,,Intraoperative,"Phantom, Patient","MRI, Ultrasound",Off-situ,,
1150,Colombo 2023,Case report: Impact of mixed reality on anatomical understanding and surgical planning in a complex fourth ventricular tumor extending to the lamina quadrigemina,Frontiers in Surgery,2023,2021-2026,"Microsurgery represents the primary therapeutic strategy for the majority of fourth ventricular tumors, and adequate anatomical understanding and visualization are paramount to surgical planning and success. Therefore they want to evaluate the feasibility and benefits of using mixed reality in planning the surgery.",True,Mixed reality (MxR) system application to the surgical planning of a complex fourth ventricular lesion proved relevant in designing the best surgical approach and trajectory to better identify potential intraoperative challenges and rehearse the patient-specific anatomy.,planning,neurosurgery,,patient,hmd_vst,3d,mri,,volume_rendering,,,in_situ,markerless,True,occlusion,Neurosurgery,HMD (Video See-Through),3D,Volume Rendering,Markerless,Planning,Patient,MRI,In-situ,Occlusion,
2957,Colombo 2023,Mixed Reality for Cranial Neurosurgical Planning: A Single-Center Applicability Study With the First 107 Subsequent Holograms.,OPERATIVE NEUROSURGERY,2023,2021-2026,"Mixed reality (MxR) benefits neurosurgery by improving anatomic visualization, surgical planning and training. We aim to validate the usability of a dedicated certified system for this purpose.",True,"The perioperative use of 3D holograms improved direct anatomic visualization while not significantly increasing intraoperative surgical preparation time. Further technological development is necessary to improve the automatic algorithms and reduce the preparation time by circumventing manual and semiautomatic segmentation. Future studies should focus on quantifying the potential benefits in teaching, training,",training,neurosurgery,,patient,hmd_ost,3d,mri,,volume_rendering,,,off_situ,,True,occlusion,Neurosurgery,HMD (Optical See-Through),3D,Volume Rendering,,Training,Patient,MRI,Off-situ,Occlusion,
138,Costa 2023,Augmented Reality-Assisted Ultrasound Breast Biopsy,Sensors,2023,2021-2026,,False,,intraoperative,oncologic,,phantom,hmd_ost,2d,us,,no_post_processing,,tool_location,in_situ,marker_other,False,,Oncologic,HMD (Optical See-Through),2D,No Post-processing,Other Marker,Intraoperative,Phantom,Ultrasound,In-situ,,Tool Location
631,DeBenedictis 2023,Vertical Hemispherotomy: Contribution of Advanced Three-Dimensional Modeling for Presurgical Planning and Training.,Journal of clinical medicine,2023,2021-2026,"In this work, they reported the application of advanced technology for three-dimensional (3D) modeling and visualization of the main neurovascular structures during vertical hemispherotomy procedures.",False,"They demonstrated the contribution of advanced 3D modeling and visualization to enhance the quality of anatomical representation and interaction between the operator and model according to a surgical perspective, optimizing the quality of presurgical planning, intraoperative orientation, and educational training.",planning,neurosurgery,,virtual,hmd_ost,3d,mri,,volume_rendering,,,off_situ,,False,,Neurosurgery,HMD (Optical See-Through),3D,Volume Rendering,,Planning,Virtual,MRI,Off-situ,,
1114,Dolega-Dolegowski 2023,The Application of Mixed Reality in Root Canal Treatment,Appl. Sci.,2023,2021-2026,"display of the root canals in the same way as during the endodontic procedure using a microscope. It allows for the visualization of the root canal and changing its direction, in which dimensional accuracy is crucial.",False,,planning,oral_maxillofacial,,virtual,hmd_ost,3d,ct,,surface_modeling,,,off_situ,,False,,Oral & Maxillofacial,HMD (Optical See-Through),3D,Surface Modeling,,Planning,Virtual,CT,Off-situ,,
1207,Fick 2023,"Comparing the influence of mixed reality, a 3D viewer, and MRI on the spatial understanding of brain tumours",Front. Virtual. Real.,2023,2021-2026,"We assessed the spatial understanding of a brain tumour when visualized with MRI, 3D models on a monitor or 3D models in mixed reality",False,,method_development,neurosurgery,,virtual,hmd_ost,3d,mri,,surface_modeling,,rotating_panel,off_situ,,False,,Neurosurgery,HMD (Optical See-Through),3D,Surface Modeling,,Method Development,Virtual,MRI,Off-situ,,Rotating Panel
909,Gonzalez-Romo 2023,Anatomic Depth Estimation and 3-Dimensional Reconstruction of Microsurgical Anatomy Using Monoscopic High-Definition Photogrammetry and Machine Learning.,"CONCEPTS, INNOVATIONS AND TECHNIQUES",2023,2021-2026,"To perform a proof-of-concept study of a novel photogrammetry 3D reconstruction technique, converting high-definition (monoscopic) microsurgical images into a navigable, interactive, immersive anatomy simulation.",False,"This proof-of-concept study validated the use of machine learning to render 3D reconstructions from 2-dimensional microsurgical images through depth estimation. This spatial information can be used to develop convenient, realistic, and immersive anatomy image models.",education,neurosurgery,,phantom,body_handheld,3d,rgb,,surface_modeling,,,off_situ,,False,,Neurosurgery,Handheld Device,3D,Surface Modeling,,Education,Phantom,RGB Camera,Off-situ,,
194,Heiliger 2023,Phantom study on surgical performance in augmented reality laparoscopy,Int J Comput Assist Radiol Surg,2023,2021-2026,"his pilot study aims to determine, under controlled conditions on a 3D-printed phantom, whether an AR laparoscope improves surgical outcomes over conventional laparoscopy without augmentation",False,,intraoperative,cardiothoracic,,phantom,spatial_monitor,3d,ct,,surface_modeling,,,off_situ,,True,occlusion|fresnel,Cardiothoracic,Spatial Monitor,3D,Surface Modeling,,Intraoperative,Phantom,CT,Off-situ,"Occlusion, Fresnel",
151,Huang 2023,Evaluation of Augmented Reality Surgical Navigation in Percutaneous Endoscopic Lumbar Discectomy: Clinical Study,Bioengineering (Basel),2023,2021-2026,conducted a prospective randomized controlled trial to evaluate its feasibility and effectiveness. * minimizes the number of punctures and reduces the need for excessive fluoroscopy,True,The results indicate that the clinical application of the ARSN system in PELD is effective and feasible.,intraoperative,orthopedic,,patient,spatial_monitor,2d,xray,,no_post_processing,,tool_location,off_situ,,False,,Orthopedic,Spatial Monitor,2D,No Post-processing,,Intraoperative,Patient,X-ray,Off-situ,,Tool Location
2886,Jain 2023,Use of Mixed Reality in Neuro-Oncology: A Single Centre Experience.,Life MDPI,2023,2021-2026,To present their experience using the HoloLens 2 in neuro-oncology specifically tumour resection.,True,"Although certain limitations were identified, the authors feel that this system is a feasible alternative device for intra-operative visualization of neurosurgical pathology. Further studies are being planned to assess its accuracy and suitability across various surgical disciplines",intraoperative,neurosurgery,,patient,hmd_ost,3d,ct|mri,,volume_rendering,,tool_location,in_situ,markerless,False,,Neurosurgery,HMD (Optical See-Through),3D,Volume Rendering,Markerless,Intraoperative,Patient,"CT, MRI",In-situ,,Tool Location
211,Jeung 2023,Augmented reality-based surgical guidance for wrist arthroscopy with bone-shift compensation,Comput Methods Programs Biomed,2023,2021-2026,provide real-time augmented reality (AR)-based surgical guidance for wrist arthroscopy based on a bone-shift model through an in vivo computed tomography (CT) study. try to overcome intra and pre-operative image difference,False,,intraoperative,orthopedic,,phantom,spatial_monitor,3d,ct,,surface_modeling,,tool_location,off_situ,,False,,Orthopedic,Spatial Monitor,3D,Surface Modeling,,Intraoperative,Phantom,CT,Off-situ,,Tool Location
51,K 2023,Augmented Reality Visualization and Interaction for COVID-19 CT-Scan NN Automated Segmentation: A Validation Study,IEEE Sensors Journal,2023,2021-2026,How AR and AI can assist in analysis and diagnosis. Good for diagnosis but the proposed system may fail in the diagnosis of various conditions and in differentiating between recent and previous contamination.,False,,diagnosis,cardiothoracic,,dataset,body_handheld,3d,ct,,surface_modeling,,,off_situ,,False,,Cardiothoracic,Handheld Device,3D,Surface Modeling,,Diagnosis,Dataset,CT,Off-situ,,
253,Li 2023,A Comparative Evaluation of Optical See-through Augmented Reality in Surgical Guidance,IEEE Trans Vis Comput Graph,2023,2021-2026,"compare the effects of two OST methods on surgical guidance, regarding better applicability and safety for medical practices. To the best of our knowledge, this is the first study to compare OST AR by glasses and that observed with naked eyes, namely HMD and AIO.",True,,intraoperative,orthopedic,,phantom,hmd_ost,3d,ct,,surface_modeling,,,in_situ,marker_optical,True,contour_edge,Orthopedic,HMD (Optical See-Through),3D,Surface Modeling,Optical Marker,Intraoperative,Phantom,CT,In-situ,Contour Edge,
364,Liu 2023,A mixed reality-based navigation method for dental implant navigation method: A pilot study,Computers in Biology and Medicine,2023,2021-2026,As what it said in title. The paper attached NRI markers to both patient teeth and the surgical drilling tool and assist the placement of inplant. The AR shows the virual models and the errors of the alignment.,False,,intraoperative,oral_maxillofacial,,phantom,hmd_ost,3d,ct,,surface_modeling,,tool_location,in_situ,marker_optical,False,,Oral & Maxillofacial,HMD (Optical See-Through),3D,Surface Modeling,Optical Marker,Intraoperative,Phantom,CT,In-situ,,Tool Location
20,N 2023,Augmented Reality Holographic Visualization System for Surgery Auxiliary Visualization: Proof of Concept for Surgical Training*,Annual International Conference of the IEEE Engineering in Medicine & Biology Society,2023,2021-2026,"this module implements a deformation density biomechanical Mooney-Rivlin 3-D model, suitable for hyperelastic, isotropic materials [7], such as most of the relevant anatomic structures.",False,,training,neurosurgery,,phantom,hmd_vst,3d,mri,,surface_modeling,,,off_situ,,False,,Neurosurgery,HMD (Video See-Through),3D,Surface Modeling,,Training,Phantom,MRI,Off-situ,,
4883,Reissis 2023,The Effect of Luminance on Depth Perception in Augmented Reality Guided Laparoscopic Surgery,"Medical Imaging 2023: Image-Guided Procedures, Robotic Interventions, and Modeling",2023,2021-2026,"Establish and quantify the relationship between luminance / luminance contrast and depth perception in laparoscopic AR overlays, to inform better AR visualization design.",False,,intraoperative,abdominal,,phantom,body_handheld,3d,,3d_model,surface_modeling,,,in_situ,marker_other,True,brightness,Abdominal,Handheld Device,3D,Surface Modeling,Other Marker,Intraoperative,Phantom,,In-situ,Brightness,
1068,Sancho 2023,SLIMBRAIN: Augmented reality real-time acquisition and processing system for hyperspectral classification mapping with depth information for in-vivo surgical procedures,J Syst Archit,2023,2021-2026,a real-time acquisition and processing AR system suitable to classify and display brain tumor tissue from hyperspectral (HS) information,False,,intraoperative,neurosurgery,,patient,spatial_monitor,3d,rgb,,other_process,Capture point cloud and merge to HSI,,off_situ,,False,,Neurosurgery,Spatial Monitor,3D,Other Process,,Intraoperative,Patient,RGB Camera,Off-situ,,
183,Seth 2023,Improving Visualization of Intramuscular Perforator Course: Augmented Reality Headsets for DIEP Flap Breast Reconstruction,Plastic and Reconstructive Surgery - Global Open,2023,2021-2026,Explores the use of AR technology for perforator identification during deep inferior epigastric artery perforator flap breast reconstruction,True,may enhance the visualization of relevant vascular anatomical structures. may improve the accuracy of perforator identification. misalignment happened. Key challenge to the widespread adoption of this technology is automatic alignment wiouth much disruption to the standard workflow. relatively long setup time.,intraoperative,plastic,,patient,hmd_ost,3d,ct,,surface_modeling,,,in_situ,,False,,Plastic,HMD (Optical See-Through),3D,Surface Modeling,,Intraoperative,Patient,CT,In-situ,,
2971,Shahbaz 2023,Mixed reality navigation training system for liver surgery based on a high-definition human cross-sectional anatomy data set.,Cancer Medicine,2023,2021-2026,"use the 3D mixed-reality model of liver, entailing complex intrahepatic system and to deeply study the anatomical structures",False,,training,abdominal,,phantom,hmd_ost,3d,rgb,,surface_modeling,,,off_situ,,False,,Abdominal,HMD (Optical See-Through),3D,Surface Modeling,,Training,Phantom,RGB Camera,Off-situ,,
620,Tel 2023,Exploring Deep Cervical Compartments in Head and Neck Surgical Oncology through Augmented Reality Vision: A Proof of Concept.,Journal of Clinical Medicine,2023,2021-2026,explore feasibility of AR in head and neck surgical oncology procedure.,True,AR technology has great potential to guide surgeons in the most complex scenarios,planning,head_and_neck,,patient,hmd_vst,3d,ct|rgb,,surface_modeling,,,in_situ,markerless,False,,Head & Neck,HMD (Video See-Through),3D,Surface Modeling,Markerless,Planning,Patient,"CT, RGB Camera",In-situ,,
166,VanGestel 2023,Neuro-oncological augmented reality planning for intracranial tumor resection,Front Neurol,2023,2021-2026,"We developed an AR-based workflow for intracranial tumor resection planning deployed on the Microsoft HoloLens II, which exploits the built-in infrared-camera for tracking the patient.",False,,planning,neurosurgery,,patient,hmd_ost,3d,ct,,surface_modeling,,,in_situ,marker_optical,False,,Neurosurgery,HMD (Optical See-Through),3D,Surface Modeling,Optical Marker,Planning,Patient,CT,In-situ,,
1202,Wong 2023,Mixed Reality Improves 3D Visualization and Spatial Awareness of Bone Tumors for Surgical Planning in Orthopaedic Oncology: A Proof of Concept Study,Orthop. Res. Rev.,2023,2021-2026,"he surgeon examined each patient clinically using the conventional method of viewing 2D images and MR via HMD, Hololens 2. A Likert-Scale (LS) questionnaire and The National Aeronautics and Space Administration-Task Load Index (NASA-TLX) score were used to evaluate and compare the effectiveness of surgical planning and the surgeon’s clinical cognitive workload for the two methods.",True,,planning,orthopedic,,patient,hmd_ost,3d,ct|mri,,surface_modeling,,,in_situ,,False,,Orthopedic,HMD (Optical See-Through),3D,Surface Modeling,,Planning,Patient,"CT, MRI",In-situ,,
519,Zhang 2023,Autostereoscopic 3D Augmented Reality Navigation for Laparoscopic Surgery: A Preliminary Assessment.,IEEE Transactions on Biomedical Engineering,2023,2021-2026,"used the CPD-based deformation registration algorithm and the proposed virtual view gen- eration algorithm, realizing a deformable autostereoscopic 3D AR navigation framework for laparoscopic surgery. The depth perception and user experience of the 3D AR navigation were evaluated compared with the 2D AR display using an in-vitro porcine heart and offline clinical partial nephrectomy laparoscopic images",False,,intraoperative,urology,,patient,spatial_monitor,3d,ct|mri|rgb,,surface_modeling,,color_coding,in_situ,markerless,False,,Urology,Spatial Monitor,3D,Surface Modeling,Markerless,Intraoperative,Patient,"CT, MRI, RGB Camera",In-situ,,Color Coding
318,Zhang 2023,Feasibility Study of Using Augmented Mirrors for Alignment Task during Orthopaedic Procedures in Mixed Reality,IEEE Int Symp Mixed Augment Real Adjun,2023,2021-2026,"In this work, we present results from a pilot study involving five participants tasked with simulating epidural injection procedures in an AR environment, both with and without the aid of an AM.",False,,intraoperative,neurosurgery,,phantom,hmd_ost,3d,ct,,surface_modeling,,,in_situ,marker_optical,False,,Neurosurgery,HMD (Optical See-Through),3D,Surface Modeling,Optical Marker,Intraoperative,Phantom,CT,In-situ,,
326,vonHaxthausen 2023,Augmenting Image-Guided Procedures through In Situ Visualization of 3D Ultrasound via a Head-Mounted Display,sensors,2023,2021-2026,"This work uses an HMD to display 3D ultrasound in situ. The paper reports that showing 3D ultrasound in the HMD did not provide a large benefit, mainly because the target structure still had to be clearly distinguished from noise and occlusion.",False,,intraoperative,vascular,,phantom,hmd_ost,3d,us,,no_post_processing,,,in_situ,marker_other,False,,Vascular,HMD (Optical See-Through),3D,No Post-processing,Other Marker,Intraoperative,Phantom,Ultrasound,In-situ,,
111,A 2024,Mixed Reality and Artificial Intelligence: A Holistic Approach to Multimodal Visualization and Extended Interaction in Knee Osteotomy,IEEE Journal of Translational Engineering in Health and Medicine,2024,2021-2026,AI and MR for multimodal data visualization and surgical planning in knee osteotomy,False,,planning,orthopedic,,virtual,hmd_ost,2d,ct|xray,,no_post_processing,,information_panel,off_situ,,False,,Orthopedic,HMD (Optical See-Through),2D,No Post-processing,,Planning,Virtual,"CT, X-ray",Off-situ,,Information Panel
264,Bamps 2024,Phantom study of augmented reality framework to assist epicardial punctures,Journal of Medical Imaging,2024,2021-2026,Using AR to visualize 3D organ and insertion trajectory for epicardial punctures procedure. Three experiments are provided. Results shows using AR can improve the accuracy.,,,intraoperative,cardiothoracic,,phantom,hmd_ost,3d,ct,,surface_modeling,,tool_location,in_situ,marker_other,False,,Cardiothoracic,HMD (Optical See-Through),3D,Surface Modeling,Other Marker,Intraoperative,Phantom,CT,In-situ,,Tool Location
1020,Bonanni 2024,Holographic mixed reality for planning transcatheter aortic valve replacement,International Journal of Cardiology,2024,2021-2026,"The study aims to evaluate the feasibility, reproducibility, and accuracy of dimensions of the aortic valve complex as measured with a new holographic MxR software (ARTICOR®, Artiness srl, Milano, Italy) compared to a widely used software for pre-operative sizing and planning",True,MxR-based software could represent an accurate tool for the pre-procedural planning of TAVR,planning,cardiothoracic,,patient,hmd_vst,3d,ct,,volume_rendering,,,off_situ,,False,,Cardiothoracic,HMD (Video See-Through),3D,Volume Rendering,,Planning,Patient,CT,Off-situ,,
4662,Colombo 2024,Mixed Reality for Cranial Neurosurgical Planning: A Single-Center Applicability Study with the First 107 Subsequent Holograms,OPERATIVE NEUROSURGERY,2024,2021-2026,Use segmented brain structures from CT to assist pre-op and intra-op planning and preparation,False,,planning,neurosurgery,,patient,hmd_ost,3d,ct|mri,,surface_modeling,,color_coding,in_situ,,False,,Neurosurgery,HMD (Optical See-Through),3D,Surface Modeling,,Planning,Patient,"CT, MRI",In-situ,,Color Coding
5827,Condino 2024,Registration Sanity Check for AR-guided Surgical Interventions: Experience From Head and Face Surgery,IEEE Journal of Translational Engineering in Health Medicine,2024,2021-2026,To assess an AR Registration Sanity Check (AR-RSC) method that helps clinicians detect misregistration intraoperatively by visually inspecting how well selected virtual landmarks align with their real counterparts in the AR view.,False,,,oral_maxillofacial,,patient,hmd_vst,3d,ct,,other_process,,,in_situ,marker_optical,False,,Oral & Maxillofacial,HMD (Video See-Through),3D,Other Process,Optical Marker,,Patient,CT,In-situ,,
248,Dho 2024,Validation of real-time inside-out tracking and depth realization technologies for augmented reality-based neuronavigation,Int J Comput Assist Radiol Surg,2024,2021-2026,developed novel object tracking and depth realization technologies to apply augmented reality-based neuronavigation to brain surgery.,False,,intraoperative,neurosurgery,,phantom,body_handheld,3d,ct|mri,,other_process,Mixed,tool_location,in_situ,marker_other,True,metric,Neurosurgery,Handheld Device,3D,Other Process,Other Marker,Intraoperative,Phantom,"CT, MRI",In-situ,Metric,Tool Location
4352,DiMitri 2024,Advancing Pediatric Surgery: The Use of HoloLens 2 for 3D Anatomical Reconstructions in Preoperative Planning.,Advancing Pediatric Surgery: The Use of HoloLens 2 for 3D Anatomical Reconstructions in Preoperative Planning,2024,2021-2026,Use AR for pre-op planning for anatomical malformations.,False,,planning,pediatric_surgery,,patient,hmd_ost,3d,ct,,surface_modeling,,,off_situ,,False,,Pediatric Surgery,HMD (Optical See-Through),3D,Surface Modeling,,Planning,Patient,CT,Off-situ,,
1028,Forseth 2024,Endoscopic third ventriculostomy assisted by augmented reality,Child's Nervous System,2024,2021-2026,"In this report, they described the novel integration of AR into an endoscopic third ventriculostomy (ETV) case.",True,They find that augmented reality is a useful adjunct for endoscopic third ventriculostomies. The fast and simple registration are an excellent fit for a relatively short pro- cedure. The direct overlaid navigation feedback within the operative field greatly improves surgeon ergonomics and stability.,intraoperative,neurosurgery,,patient,hmd_vst,3d,mri,,volume_rendering,,tool_location,in_situ,markerless,False,,Neurosurgery,HMD (Video See-Through),3D,Volume Rendering,Markerless,Intraoperative,Patient,MRI,In-situ,,Tool Location
294,Gadodia 2024,Evaluation of an augmented reality navigational guidance platform for percutaneous procedures in a cadaver model,J Med Imaging (Bellingham),2024,2021-2026,"review the accuracy of an augmented reality navigational guidance system designed to facilitate improved visualization, guidance, and accuracy during percutaneous needle-based procedures including biopsies and ablations.",False,,intraoperative,abdominal,,cadaver,hmd_ost,2d_3d,ct|mri,,surface_modeling,,tool_location|information_panel,in_situ,marker_other,False,,Abdominal,HMD (Optical See-Through),2D + 3D,Surface Modeling,Other Marker,Intraoperative,Cadaver,"CT, MRI",In-situ,,"Tool Location, Information Panel"
247,Gurses 2024,Interactive microsurgical anatomy education using photogrammetry 3D models and an augmented reality cube,J Neurosurg,2024,2021-2026,assess the use of an augmented reality (AR) tool for neurosurgical anatomical education. Use 360 photogrammetry photo to reconstruct 3D object,False,,education,neurosurgery,,virtual,body_handheld,3d,rgb,,other_process,photogrammetry 3D models,,off_situ,,False,,Neurosurgery,Handheld Device,3D,Other Process,,Education,Virtual,RGB Camera,Off-situ,,
4382,H 2024,Design and Clinical Evaluation of ARAS: An Augmented Reality Assistance System for Open Pancreatic Surgery,ISMAR,2024,2021-2026,"Design/refine and clinically evaluate ARAS for live open pancreatic surgery, providing in-situ visualization of patient-specific vasculature and tumor to support decision-making under time pressure",True,Evaluation: Clinical trials (N=7) + post-surgery surgeon interviews; surgeons reported ARAS was useful for decision-making and certified visualization accuracy during critical phases.,intraoperative,abdominal,,patient,hmd_ost,3d,ct,,surface_modeling,,,in_situ,marker_other,False,,Abdominal,HMD (Optical See-Through),3D,Surface Modeling,Other Marker,Intraoperative,Patient,CT,In-situ,,
3137,Hong 2024,A Self-Developed Mobility Augmented Reality System Versus Conventional X-rays for Spine Positioning in Intraspinal Tumor Surgery: A Case-Control Study.,Neurospine,2024,2021-2026,"Test the self-developed MARNS, based on augmented reality technology for lesion visualization and perpendicular projection",True,Mixed reality offers a radiation-free complement to conven tional x-rays showed reduced time for positioning and reduced length of OR time.,intraoperative,neurosurgery,,patient,body_handheld,3d,ct,,surface_modeling,Surface Modeling,,in_situ,markerless,True,size|color,Neurosurgery,Handheld Device,3D,Surface Modeling,Markerless,Intraoperative,Patient,CT,In-situ,"Size, Color",
2856,Hu 2024,Direct visualization of intraparotid facial nerve assisting in parotid tumor resection.,J Craniomaxillofac Surg,2024,2021-2026,explore the application effect of direct visualization of the IFN(facial nerve) in parotid tumor resection,True,better registration needed for deformable tissue. showed promise in directly diagnosing the spatial relationship between the IFN and parotid tumor,intraoperative,oral_maxillofacial,,patient,hmd_ost,3d,ct,,surface_modeling,,,in_situ,,False,,Oral & Maxillofacial,HMD (Optical See-Through),3D,Surface Modeling,,Intraoperative,Patient,CT,In-situ,,
3123,Janssen 2024,Augmented Reality-Guided External Ventricular Drain Placement: A Case Report.,cureus,2024,2021-2026,,True,"This report described an early use of AR for EVD placement and represents a substantial advancement in neurosurgical practice, offering enhanced precision, efficiency, and safety.",intraoperative,neurosurgery,,patient,hmd_ost,3d,ct,,surface_modeling,,,in_situ,marker_other,False,,Neurosurgery,HMD (Optical See-Through),3D,Surface Modeling,Other Marker,Intraoperative,Patient,CT,In-situ,,
972,Javaheri 2024,ARAS: LLM-Supported Augmented Reality Assistance System for Pancreatic Surgery,ACM Int. Jt. Conf. Pervasive Ubiquitous Comput.,2024,2021-2026,"Introduce ARAS, an operational AR assistance system for open pancreatic surgery. Through a user-centric design methodology, ARAS was iteratively developed and refined, ensuring its practical applicability and effectiveness in real-world surgical settings during clinical trials.",False,,intraoperative,abdominal,,patient,hmd_ost,3d,ct,,surface_modeling,,,in_situ,marker_other,False,,Abdominal,HMD (Optical See-Through),3D,Surface Modeling,Other Marker,Intraoperative,Patient,CT,In-situ,,
3119,Ji 2024,Real-time ultrasound AR 3D visualization toward better topological structure perception for hepatobiliary surgery.,International Journal of Computer Assisted Radiology and Surgery,2024,2021-2026,"The reliance on manual mental reconstruction of 3D topologies from 2D ultrasound images presents significant challenges, leading to a pressing need for tools like AR to assist surgeons with real-time identification of 3D topological anatomy.",False,,intraoperative,abdominal,,phantom,hmd_ost,3d,us,,volume_rendering,,tool_location,in_situ,marker_optical,False,,Abdominal,HMD (Optical See-Through),3D,Volume Rendering,Optical Marker,Intraoperative,Phantom,Ultrasound,In-situ,,Tool Location
699,Kambakamba 2024,"Applying augmented reality in teaching of surgical residents-telementoring, a ""stress-free"" way to surgical autonomy?",Langenbeck's Archives of Surgery,2024,2021-2026,The aim of this pilot study is to analyze the feasibility of AR application in surgical training and to assess its impact on intraoperative stress. (investigate whether telementoring has the potential to reduce intraoperative stress for the resident.),False,"AR can be applied in surgical training and may help to reduce stress in theatre. In the future, AR has a huge potential to become a stepping stone to surgical autonomy.",training,abdominal,,patient,hmd_vst,2d,rgb,,no_post_processing,,,inter_situ,,False,,Abdominal,HMD (Video See-Through),2D,No Post-processing,,Training,Patient,RGB Camera,Inter-situ,,
4670,Karnatz 2024,Mixed Reality as a Digital Visualisation Solution for the Head and Neck Tumour Board: Application Creation and Implementation Study,cancers,2024,2021-2026,like an electronic medical record book based on mixed reality to support clinical decision-making,False,,planning,oncologic,,patient,hmd_ost,mixed,multimodal,,other_process,Mixed,patient_information_panel,off_situ,,False,,Oncologic,HMD (Optical See-Through),Mixed,Other Process,,Planning,Patient,Multimodal,Off-situ,,Patient Information Panel
604,Kihara 2024,Evaluating the feasibility of using augmented reality for tooth preparation.,Journal of Dentistry,2024,2021-2026,This study aimed to develop and evaluate a system using augmented reality (AR) head-mounted displays (HMDs) that provide dynamic navigation capabilities for tooth preparation.,False,,intraoperative,oral_maxillofacial,,phantom,hmd_ost,2d_3d,,Synthetic data,surface_modeling,,tool_location,in_situ,marker_optical,True,size|color,Oral & Maxillofacial,HMD (Optical See-Through),2D + 3D,Surface Modeling,Optical Marker,Intraoperative,Phantom,,In-situ,"Size, Color",Tool Location
246,Kolpan 2024,"Utilizing augmented reality for reconstruction of fractured, fragmented and damaged craniofacial remains in forensic anthropology",Forensic Sci Int,2024,2021-2026,"make three dimensional holographic meshes of skeletal fragments that can be manipulated, tagged, and examined by the user",False,,education,orthopedic,,virtual,hmd_ost,3d,ct,,other_process,NeRF generated mesh,information_panel,off_situ,,False,,Orthopedic,HMD (Optical See-Through),3D,Other Process,,Education,Virtual,CT,Off-situ,,Information Panel
2998,Lippert 2024,Cardiac anatomic digital twins: findings from a single national centre.,Cardiovascular image processing,2024,2021-2026,We aimed to assess the impact of mixed reality visualization of the intracardiac anatomy on surgical decision- making in patients with complex heart defects,True,"In conclusion, mixed reality anatomic digital twins added information to standard visualization methods and significantly in­fluenced surgical planning, with evidence that these strategies can be implemented safely without additional risk",planning,cardiothoracic,,patient,hmd_vst,3d,ct|mri,,volume_rendering,,,off_situ,,False,,Cardiothoracic,HMD (Video See-Through),3D,Volume Rendering,,Planning,Patient,"CT, MRI",Off-situ,,
711,Liu 2024,Exploration of the application of augmented reality technology for teaching spinal tumor's anatomy and surgical techniques.,Frontiers in Medicine,2024,2021-2026,This study explores the application effect of augmented reality technology in anatomy teaching and surgical clinical teaching for spinal tumor.,,,education,neurosurgery,,phantom,hmd_vst,3d,ct,,volume_rendering,,,off_situ,,False,,Neurosurgery,HMD (Video See-Through),3D,Volume Rendering,,Education,Phantom,CT,Off-situ,,
94,M 2024,High-Resolution Stereoscopic Visualization of Pediatric Echocardiography Data on Microsoft HoloLens 2,IEEE Access,2024,2021-2026,"This study proposes custom software developed using the Unity3D platform to render high-resolution 3D echocardiography (3DE) on the Microsoft HoloLens 2, providing an immersive AR experience for medical professionals. This research focuses on three-dimensional echocardiography in children and uses a phantom heart model to mimic a pulsating heart",True,,planning,cardiothoracic,,phantom,hmd_ost,3d,us,,volume_rendering,,,in_situ,marker_other,False,,Cardiothoracic,HMD (Optical See-Through),3D,Volume Rendering,Other Marker,Planning,Phantom,Ultrasound,In-situ,,
3110,Maddali 2024,Monte Carlo-based rendering of 3D echocardiography for mixed reality-guided atrial septal puncture positioning.,Computer Assisted Surgery,2024,2021-2026,A novel MR-based guidance system using a modified Monte Carlo-based rendering approach for 3D echocardiographic visualization was introduced and evaluated against standard clinical 3D echocardiographic display on a flat screen.,False,,intraoperative,cardiothoracic,,phantom,hmd_ost,3d,us,,volume_rendering,,tool_location,in_situ,markerless,False,,Cardiothoracic,HMD (Optical See-Through),3D,Volume Rendering,Markerless,Intraoperative,Phantom,Ultrasound,In-situ,,Tool Location
518,Muscas 2024,Heads-Up Micronavigation Reliability of Preoperative Transcranial Magnetic Stimulation Maps for the Motor Function: Comparison With Direct Cortical Stimulation.,clinical research,2024,2021-2026,This paper uses augmented microscope to visualize the TMS positive points find in pre-operative into intra-operative stage. The positive points are overlaid on the intra-operative surface. The registration of brain is done in a markerless method.,False,,intraoperative,neurosurgery,,patient,microscope,2d,mri|rgb,,no_post_processing,,tms_highlight,in_situ,markerless,False,,Neurosurgery,Microscope,2D,No Post-processing,Markerless,Intraoperative,Patient,"MRI, RGB Camera",In-situ,,Tms Highlight
449,Oh 2024,Navigating the Future of 3D Laparoscopic Liver Surgeries: Visualization of Internal Anatomy on Laparoscopic Images With Augmented Reality.,Surg Laparosc Endosc Percutan Tech,2024,2021-2026,"an augmented reality (AR) system that overlays preoperative 3D models onto laparoscopic images, offering crucial support for 3D visualization during laparoscopic liver surgeries.",False,,intraoperative,abdominal,,patient,spatial_monitor,3d,ct,,surface_modeling,,,off_situ,,True,occlusion,Abdominal,Spatial Monitor,3D,Surface Modeling,,Intraoperative,Patient,CT,Off-situ,Occlusion,
368,Olexa 2024,The Apple Vision Pro as a Neurosurgical Planning Tool: A Case Report,Cureus,2024,2021-2026,Use apple vision pro visualize CT segmentation and do the planning,True,"Apple Vision Pro ""headset seems appropriate for presurgical planning and anatomical visualization. This new mixed-reality device will enable features and functionalities previously unavailable on earlier headsets. Despite the promise of this technology, it is imperative and expected that the device be rigorously assessed in both preclinical and clinical studies in order to improve upon the technology and further refine the role it can play in patient management.""",planning,neurosurgery,,patient,hmd_ost,3d,ct,,surface_modeling,,,off_situ,,True,alpha_transparency,Neurosurgery,HMD (Optical See-Through),3D,Surface Modeling,,Planning,Patient,CT,Off-situ,Alpha Transparency,
4691,Prabhakaran 2024,SurgiColab: Collaborative Mixed Reality for Enhanced Pre-Surgical Planning with 3D Anatomical Models,International Conference on Biomedical Engineering,2024,2021-2026,A surgical collaborative AR system for surgical planning. Focus on collaboration design,False,,planning,not_specified,,virtual,hmd_ost,3d,not_specified,,surface_modeling,,,off_situ,,,,Not Specified,HMD (Optical See-Through),3D,Surface Modeling,,Planning,Virtual,Not Specified,Off-situ,,
103,R 2024,A Large-Scale Feasibility and Ethnography Study of Screen-based AR and 3D Visualization Tools for Anatomy Education: Exploring Gender Perspectives in Learning Experience,IEEE International Conference on Artificial Intelligence and eXtended and Virtual Reality,2024,2021-2026,presents two in-house solutions that use handheld tablets or screen-based AR to visualize 3D anatomy models for anatomy education.,,,education,education,,human_subject,multiple_devices,3d,,Synthetic,surface_modeling,,,inter_situ,,False,,Education,Multiple Devices,3D,Surface Modeling,,Education,Human Subject,,Inter-situ,,
705,Rieder 2024,Augmented Reality-Guided Extraction of Fully Impacted Lower Third Molars Based on Maxillofacial CBCT Scans.,Bioengineering (Basel),2024,2021-2026,"integrate an augmented reality (AR) image-guided surgery (IGS) system, based on preoperative cone beam computed tomography (CBCT) scans, into clinical practice.",True,the employed AR system offers the substantial advantage of transferring critical anatomical structures directly into the operation field and the surgeon’s view. This visualization technology may help to reduce risks associated with the operative procedure and increase the intraoperative imagining of the tooth position and its surrounding anatomical structures,intraoperative,oral_maxillofacial,,patient,hmd_ost,3d,ct,,surface_modeling,,,in_situ,markerless,False,,Oral & Maxillofacial,HMD (Optical See-Through),3D,Surface Modeling,Markerless,Intraoperative,Patient,CT,In-situ,,
11,S 2024,Augmented Reality Navigation System for Biliary Interventional Procedures With Dynamic Respiratory Motion Correction,IEEE TRANSACTIONS ON BIOMEDICAL ENGINEERING,2024,2021-2026,presents an augmented reality navigation system for biliary interventional procedures,False,,intraoperative,abdominal,,phantom,spatial_monitor,3d,ct|xray,,surface_modeling,,tool_location,off_situ,,False,,Abdominal,Spatial Monitor,3D,Surface Modeling,,Intraoperative,Phantom,"CT, X-ray",Off-situ,,Tool Location
321,Samuel 2024,Visuo-Haptic VR and AR Guidance for Dental Nerve Block Education,TVCG,2024,2021-2026,"This system helps dental trainees learn and practice the inferior alveolar nerve block (IANB) procedure. Trainees can use a smartphone to study anatomical structures and a headset with a haptic device to practice the procedure. Results indicate improved trainee confidence. The system is designed purely for simulation and education; skin transparency can be adjusted to reveal nerve locations, although users reported limited realism.",False,,education,oral_maxillofacial,,patient,hmd_vst,3d,ct,,surface_modeling,,tool_location,off_situ,,False,alpha_transparency,Oral & Maxillofacial,HMD (Video See-Through),3D,Surface Modeling,,Education,Patient,CT,Off-situ,Alpha Transparency,Tool Location
729,Tamayo-Estebaranz 2024,Is Augmented Reality Technology Effective in Locating the Apex of Teeth Undergoing Apicoectomy Procedures?,J Pers Med,2024,2021-2026,pre-op CBCT and intra 3D intraoral scan. Is Augmented Reality Technology Effective in Locating the Apex of Teeth Undergoing Apicoectomy Procedures? Conclusion: AR and free-hand techniques are equally accurate for apical location,False,,intraoperative,oral_maxillofacial,,,hmd_ost,3d,ct,3D scan,surface_modeling,,,in_situ,,False,,Oral & Maxillofacial,HMD (Optical See-Through),3D,Surface Modeling,,Intraoperative,,CT,In-situ,,
1018,Tang 2024,Mixed Reality Combined with Surgical Navigation in Resection of Micro- and Mini-Tumors of the Parotid Gland: A Pilot Study,The Laryngoscope,2024,2021-2026,evaluate the feasibility and outcomes of mixed reality combined with surgical navigation (MRSN) in the resection of parotid micro- and mini-tumors.,True,"The mean surgery time of MRSN group (76.7 14.0 min) and control group (65.4 21.3 min) showed no signif- icant difference (p = 0.220), so did the intraoperative bleeding of MRSN group (16.0 8.0 mL) and control group (16.7 6.6 mL) (p = 0.825). None of the patient in MRSN group underwent any complication,",planning,head_and_neck,,patient,hmd_ost,3d,ct,,surface_modeling,,tool_location,off_situ,,False,,Head & Neck,HMD (Optical See-Through),3D,Surface Modeling,,Planning,Patient,CT,Off-situ,,Tool Location
617,Tong 2024,Development of an augmented reality guidance system for head and neck cancer resection.,Healthcare Technology Letters,2024,2021-2026,explores the feasibility of an AR guidance system for resections of positive tumor margins in a cadaveric specimen.,False,,intraoperative,head_and_neck,,cadaver,hmd_ost,3d,rgb,,surface_modeling,,,in_situ,marker_other,False,,Head & Neck,HMD (Optical See-Through),3D,Surface Modeling,Other Marker,Intraoperative,Cadaver,RGB Camera,In-situ,,
919,Winkler 2024,Mixed reality for spine surgery: a step into the future with a human cadaveric accuracy study.,NEUROSURGICAL FOCUS,2024,2021-2026,The authors therefore aimed to investigate the accuracy of the system in visualization of anatomical structures using mixed reality in the example of pedicles of the thoracic spine in a human cadaveric study. Potential difficulties and limitations are discussed.,False,"The accuracy analysis for mixed reality (i.e., between the virtual and real anatomical situation of the thoracic spine) showed a very good agreement when focus was on the pedicles. This work is thus a rare proof of the precision of segmentation to the potential surgical area",intraoperative,neurosurgery,,cadaver,hmd_ost,3d,ct,,surface_modeling,Surface Modeling,,in_situ,markerless,False,,Neurosurgery,HMD (Optical See-Through),3D,Surface Modeling,Markerless,Intraoperative,Cadaver,CT,In-situ,,
2960,Xue 2024,Clinical application of mixed reality holographic imaging technology in scaling and root planing of severe periodontitis: a proof of concept.,Journal of Dentistry,2024,2021-2026,To demonstrate the potential application of mixed reality (MR) holographic imaging technology in subgingival scaling and root planing (SRP) for patient with advanced periodontitis,False,,planning,oral_maxillofacial,,virtual,hmd_ost,3d,ct,,surface_modeling,,,off_situ,,False,,Oral & Maxillofacial,HMD (Optical See-Through),3D,Surface Modeling,,Planning,Virtual,CT,Off-situ,,
415,Yang 2024,Augmented Reality Navigation System for Biliary Interventional Procedures With Dynamic Respiratory Motion Correction.,IEEE Transactions on Biomedical Engineering,2024,2021-2026,"construct an augmented reality (AR) navigation system for biliary inter- ventional procedures. It includes system calibration, respi-ratory motion correction and fusion navigation.",False,,intraoperative,abdominal,,phantom,spatial_monitor,3d,ct,,surface_modeling,,,off_situ,,False,,Abdominal,Spatial Monitor,3D,Surface Modeling,,Intraoperative,Phantom,CT,Off-situ,,
4699,Zhang 2024,A Pilot Study on the Use of a Novel Mixed Reality Navigation System to Assist Femoral Tunnel Positioning in Single-Bundle Anterior Cruciate Ligament Reconstruction,International Conference on Intelligent Metaverse Technologies & Applications,2024,2021-2026,To design a mixed reality surgical navigation system (MR-SNS) and evaluate whether it improves femoral tunnel positioning in single-bundle ACL reconstruction.,False,,intraoperative,orthopedic,,phantom,hmd_ost,3d,ct,,surface_modeling,,,in_situ,markerless,False,,Orthopedic,HMD (Optical See-Through),3D,Surface Modeling,Markerless,Intraoperative,Phantom,CT,In-situ,,
4725,Zhang 2024,ARMedicalSketch: Exploring 3D Sketching for Medical Image Using True 2D-3D Interlinked Visualization and Interaction,IEEE TRANSACTIONS ON HUMAN-MACHINE SYSTEMS,2024,2021-2026,"Proposed a new AR device that provide naked-eye 3D floating display, using autostereoscopic display",False,,not_specified,not_specified,,dataset,aerial_imaging_plate,3d,ct,,volume_rendering,,,off_situ,,False,,Not Specified,Aerial Imaging Plate,3D,Volume Rendering,,Not Specified,Dataset,CT,Off-situ,,
4707,Zou 2024,ARthroNeRF: Field of View Enhancement of Arthroscopic Surgeries using Augmented Reality and Neural Radiance Fields,ISMAR,2024,2021-2026,Use Neural Radiance Fields to reconstruct the intra-articular scene and provide alternative viewpoints / expanded FOV in AR to reduce surgeons’ mental burden when interpreting constrained arthroscopic views.,False,,intraoperative,orthopedic,,phantom,spatial_monitor,3d,rgb,,other_process,3DGS,tool_location,off_situ,,False,,Orthopedic,Spatial Monitor,3D,Other Process,,Intraoperative,Phantom,RGB Camera,Off-situ,,Tool Location
4100,Adıyaman 2025,Feasibility of Spinal Facet Joint Injections With Augmented Reality Headset: A Cadaveric Study.,EDUCATION AND SIMULATION,2025,2021-2026,"Perform facet joint injection using AR. Overlaid the CT models, and the trajectories for injection.",False,,intraoperative,orthopedic,,cadaver,hmd_ost,3d,ct,,surface_modeling,,tool_location,in_situ,marker_other,False,,Orthopedic,HMD (Optical See-Through),3D,Surface Modeling,Other Marker,Intraoperative,Cadaver,CT,In-situ,,Tool Location
3944,Ahn 2025,Clinical Application of Augmented Reality in TMJ Arthroscopy: A Case Series.,Journal of Oral and Maxillofacial Surgery,2025,2021-2026,Evaluate clinical feasibility of AR-assisted TMJ arthroscopy to improve accuracy of initial and secondary portal placement (including AR-guided triangulation for the second portal).,False,,intraoperative,oral_maxillofacial,,patient,hmd_ost,not_specified,ct,,surface_modeling,,,in_situ,marker_optical,False,,Oral & Maxillofacial,HMD (Optical See-Through),Not Specified,Surface Modeling,Optical Marker,Intraoperative,Patient,CT,In-situ,,
4524,Amm 2025,Could Extended Reality Visualization Decrease Blood Loss in Craniofacial Surgery?,FACE,2025,2021-2026,investigates the effect of XR visualization on blood loss in craniofacial surgery.,False,,intraoperative,oral_maxillofacial,,patient,hmd_ost,3d,ct,,surface_modeling,,,in_situ,markerless,False,,Oral & Maxillofacial,HMD (Optical See-Through),3D,Surface Modeling,Markerless,Intraoperative,Patient,CT,In-situ,,
4531,Andereggen 2025,Mixed-reality head-mounted display in cranial neurosurgery: A proof-of-concept study,Brain Hemorrhages,2025,2021-2026,"Segment and overlay neuro-structures from pre-op volumes (claimed including CT, MRI 3D-RA) onto intra-op patient head for surgical planning",False,,planning,neurosurgery,,patient,hmd_ost,3d,ct|mri|angiography,,surface_modeling,,color_coding,in_situ,manual,False,,Neurosurgery,HMD (Optical See-Through),3D,Surface Modeling,Manual,Planning,Patient,"CT, MRI, Angiography",In-situ,,Color Coding
4332,AyeWMM 2025,Mixed Reality (Holography)-Guided Minimally Invasive Cardiac Surgery-A Novel Comparative Feasibility Study.,Journal of Cardiovascular Development and Disease,2025,2021-2026,Use AR to assist intra-operative surgical planning and marking the invasion point for cardiac surgeries,False,,intraoperative,cardiothoracic,,patient,hmd_ost,3d,ct,,surface_modeling,,color_coding,in_situ,manual,False,,Cardiothoracic,HMD (Optical See-Through),3D,Surface Modeling,Manual,Intraoperative,Patient,CT,In-situ,,Color Coding
4551,Banerjee 2025,SurgiKLAR: An Augmented Reality Framework for Improved Surgical Training,IEEE Pervasive Computing,2025,2021-2026,"Use AR to assist laparoscopic guidance for gyencology surgeries (for training), by overlaying pre-op scans on laparoscopic video",False,,training,gynecology,,phantom,spatial_monitor,2d,ct|mri|rgb,,surface_modeling,,tool_location|color_coding,in_situ,markerless,False,,Gynecology,Spatial Monitor,2D,Surface Modeling,Markerless,Training,Phantom,"CT, MRI, RGB Camera",In-situ,,"Tool Location, Color Coding"
3871,BöhnerAMC 2025,VR-prep improves visualization of medical data in augmented reality on smartphones.,Scientific Reports,2025,2021-2026,Proposed a VR software that based on open-source libraries and software that can streamline the visualization of medical images.,False,,education|training|planning,not_specified,,dataset,body_handheld,not_specified,not_specified,,no_post_processing,,,off_situ,,False,,Not Specified,Handheld Device,Not Specified,No Post-processing,,"Education, Training, Planning",Dataset,Not Specified,Off-situ,,
4556,Chen 2025,Effect of Mobile Augmented Reality Counseling on Improving Shared Decision-Making in Thoracic Surgery: Randomized Clinical Crossover Trial,JMIR MHEALTH AND UHEALTH,2025,2021-2026,investigated the potential of MAR as a mobile health tool to enhance shared decision-making (SDM) in thoracic surgery by increasing patient understanding and engagement during medical consultations.,False,,education,cardiothoracic,,dataset,body_handheld,3d,ct,,surface_modeling,,,off_situ,,False,,Cardiothoracic,Handheld Device,3D,Surface Modeling,,Education,Dataset,CT,Off-situ,,
3978,Cipolato 2025,"An Augmented Reality Visor for Intraoperative Visualization, Guidance, and Temperature Monitoring Using Fluorescence.",Journal of Biophotonics,2025,2021-2026,"combines nanomaterial excitation, fluorescence detection, and temperature monitoring.",False,,intraoperative,general,,animal,hmd_ost,2d,rgb|thermal,,no_post_processing,,,in_situ,,False,,General,HMD (Optical See-Through),2D,No Post-processing,,Intraoperative,Animal,"RGB Camera, Thermal",In-situ,,
4498,Colombo 2025,Mixed Reality-Assisted Surgical Planning of Flow-Augmentation Extracranial-Intracranial Bypass Surgery: A Technical Note,World Neurosurgery,2025,2021-2026,Proposed a system that assist pre-op planning for EC-IC bypass,False,,planning,neurosurgery,,patient,multiple_devices,3d,ct|mri,,surface_modeling,,color_coding,off_situ,,False,,Neurosurgery,Multiple Devices,3D,Surface Modeling,,Planning,Patient,"CT, MRI",Off-situ,,Color Coding
4033,Duan 2025,Localization of sentinel lymph nodes using augmented-reality system: a cadaveric feasibility study.,European Journal of Nuclear Medicine and Molecular Imaging,2025,2021-2026,Use AR to assist Sentinel lymph node biopsy,False,,intraoperative,oncologic,,cadaver,hmd_ost,3d,ct|mri,,surface_modeling,,tool_location|color_coding,in_situ,marker_other,False,,Oncologic,HMD (Optical See-Through),3D,Surface Modeling,Other Marker,Intraoperative,Cadaver,"CT, MRI",In-situ,,"Tool Location, Color Coding"
4316,Dubron 2025,Validation of mixed reality in planning orbital reconstruction with patient-specific implants.,scientific reports,2025,2021-2026,Evaluate and compare the usability and performance of mixed reality (MR) technology versus conventional methods for preoperative planning of patient-specific reconstruction plates for orbital fractures.,False,,planning,oral_maxillofacial,,dataset,hmd_ost,3d,ct,,surface_modeling,,,off_situ,,False,,Oral & Maxillofacial,HMD (Optical See-Through),3D,Surface Modeling,,Planning,Dataset,CT,Off-situ,,
4452,Farronato 2025,Augmented Reality-Assisted Micro-Invasive Apicectomy with Markerless Visual–Inertial Odometry: An In Vivo Pilot Study,applied sciences,2025,2021-2026,Demonstrate feasibility of a markerless AR guidance approach (custom VIO) to improve intraoperative visualization and precision during apicectomy.,True,"Case series (n=3): mean AR overlap time ~1.49 ± 0.34 min, VAS decreased over follow-up, radiographic evidence of progressive healing; no intra/post-op complications reported.",intraoperative,oral_maxillofacial,,patient,body_handheld,3d,cbct,,surface_modeling,,,in_situ,markerless,False,,Oral & Maxillofacial,Handheld Device,3D,Surface Modeling,Markerless,Intraoperative,Patient,CBCT,In-situ,,
4161,Folguera 2025,Web-Based Augmented Reality vs. Interactive Presentation for Learning Caries Detection: A Randomized Study on Student Motivation.,dentistry journal,2025,2021-2026,Compare a web-based AR (WebAR) learning object vs a content- and interface-matched 2D interactive presentation for student motivation in caries detection learning.,False,,education,oral_maxillofacial,,dataset,body_handheld,3d,,Scanner,surface_modeling,,,off_situ,,False,,Oral & Maxillofacial,Handheld Device,3D,Surface Modeling,,Education,Dataset,,Off-situ,,
4061,Frantz 2025,Evaluation of augmented reality guidance for glenoid pin placement in total shoulder arthroplasty.,International Journal of Computer Assisted Radiology and Surgery,2025,2021-2026,Evaluate head-worn AR navigation (with adaptive drift correction + IR tracking integrated into the headset) for glenoid pin placement in total shoulder arthroplasty.,False,,intraoperative,orthopedic,,phantom,hmd_ost,3d,ct,,surface_modeling,,tool_location,,,False,,Orthopedic,HMD (Optical See-Through),3D,Surface Modeling,,Intraoperative,Phantom,CT,,,Tool Location
4082,Ghellab 2025,Overlay of Nerve Roots to Aid in Augmented Reality-Guided L4 to L5 Transforaminal Interbody Fusion: A Methodologic Pilot.,International Journal of Spine Surgery,2025,2021-2026,"A safe transfacet trajectory was planned preoperatively and overlaid onto the surgical field through the operative microscope, using intraoperative 3D imaging for registration. Intraoperative neurophysiological monitoring complemented visual guidance.",True,,intraoperative,orthopedic,,patient,microscope,2d,ct|mri,,surface_modeling,,,in_situ,markerless,False,,Orthopedic,Microscope,2D,Surface Modeling,Markerless,Intraoperative,Patient,"CT, MRI",In-situ,,
3948,Goto 2025,Clinical Application of a Novel Augmented Reality Navigation System for Chronic Subdural Hematoma Surgery Using a Single Quick Response Code Marker as a Tracking Target: Technical Note.,WORLD NEUROSURGERY,2025,2021-2026,Evaluate the convenience and accuracy of a QR-code/SLAM-based AR navigation system (ARnavS) for burr-hole surgery in chronic subdural hematoma.,True,"The system was effective without equipment issues, with an average registration time of 2.6 minutes. Discrepancy between planned and actual burr-hole locations was 3.5 mm. Skin incisions avoided 3D image of the superficial temporal artery, with no superficial temporal artery damage in any case. The mean surgical time was 37.1 minutes, and no severe postoperative bleeding occurred.",intraoperative,neurosurgery,,patient,body_handheld,3d,ct,,surface_modeling,,,in_situ,marker_other,False,,Neurosurgery,Handheld Device,3D,Surface Modeling,Other Marker,Intraoperative,Patient,CT,In-situ,,
4555,Grunbeck 2025,4D mixed reality tool for orthopaedic surgery - a feasibility study,COMPUTER METHODS IN BIOMECHANICS AND BIOMEDICAL ENGINEERING: IMAGING & VISUALIZATION,2025,2021-2026,"Accurately diagnosing joint conditions and bone deformations relying on 2D imaging remains challenging. This paper examined the feasibility of a new workflow for real-time motion visualisation of a patient’s hip joint, using our novel 4D mixed reality tool providing a non-invasive ‘X-ray vision’ experience.",False,,planning,orthopedic,,patient,hmd_ost,3d,ct,,surface_modeling,,,in_situ,marker_optical,False,,Orthopedic,HMD (Optical See-Through),3D,Surface Modeling,Optical Marker,Planning,Patient,CT,In-situ,,
3952,Gurses 2025,Augmented reality in cranial surgery: Surgical planning and maximal safety in resection of brain tumors via head-mounted fiber tractography.,Clinical Neurology and Neurosurgery,2025,2021-2026,"map visual tracts around an occipital lesion, ensuring a safe resection without post-op complication",True,postoperative visual field testing showed no visual loss; pre- and post-op DTI tract volumes were measured and reported as maintained.,intraoperative,neurosurgery,,patient,hmd_ost,3d,mri|dti,,surface_modeling,Volume rendering and surface modeling,tool_location,in_situ,marker_optical,False,,Neurosurgery,HMD (Optical See-Through),3D,Surface Modeling,Optical Marker,Intraoperative,Patient,"MRI, DTI",In-situ,,Tool Location
4047,Hou 2025,Open-source AI-assisted rapid 3D color multimodal image fusion and preoperative augmented reality planning of extracerebral tumors.,NEUROSURGICAL FOCUS,2025,2021-2026,Develop and test an open-source AI-assisted 3D color multimodal image fusion + AR workflow to improve preop planning / surgical guidance for extracerebral tumors.,False,,planning,neurosurgery,,patient,body_handheld,3d,multimodal,,surface_modeling,,,off_situ,,False,,Neurosurgery,Handheld Device,3D,Surface Modeling,,Planning,Patient,Multimodal,Off-situ,,
4076,Ibrahim 2025,Resection of thoracic meningioma with hoth augmented reality system: technical note and operative video.,Acta Neurochirurgica,2025,2021-2026,"Describe preoperative and intraoperative use of the Hoth AR system for thoracic meningioma resection (localization, incision planning, level confirmation, tumor visualization).",True,,intraoperative,orthopedic,,patient,hmd_ost,3d,mri,,surface_modeling,,tool_location,in_situ,markerless,False,,Orthopedic,HMD (Optical See-Through),3D,Surface Modeling,Markerless,Intraoperative,Patient,MRI,In-situ,,Tool Location
4512,Javaheri 2025,"From Concept to Clinic: Multidisciplinary Design, Development, and Clinical Validation of Augmented Reality-Assisted Open Pancreatic Surgery",CHI Conference on Human Factors in Computing Systems,2025,2021-2026,"Design and clinically validate ARAS, a wearable AR system for open pancreatic surgery providing in-situ visualization of critical structures (vasculature, tumor) with a dual-layer registration approach for robust alignment during key phases.",False,,intraoperative,abdominal,,patient,hmd_ost,3d,ct,,surface_modeling,,,in_situ,marker_other,False,,Abdominal,HMD (Optical See-Through),3D,Surface Modeling,Other Marker,Intraoperative,Patient,CT,In-situ,,
4102,Ji 2025,Real-time ultrasound AR 3D visualization toward better topological structure perception for hepatobiliary surgery.,International Journal of Computer Assisted Radiology and Surgery,2025,2021-2026,Provide real-time AR 3D visualization of intraoperative ultrasound to reduce the need for mental 3D reconstruction from 2D US and improve understanding of 3D topological anatomy in hepatobiliary surgery.,False,,intraoperative,abdominal,,phantom,hmd_ost,3d,us,,surface_modeling,,,in_situ,marker_optical,False,,Abdominal,HMD (Optical See-Through),3D,Surface Modeling,Optical Marker,Intraoperative,Phantom,Ultrasound,In-situ,,
3935,Konovalov 2025,Augmented reality as a method of neuronavigation in microsurgical treatment of cerebrovascular diseases: description of the method and clinical experience.,Burdenko's Journal ofNeurosurgery,2025,2021-2026,Use AR to guide microsurgical treatment for neurosurgeries,False,,intraoperative,neurosurgery,,patient,hmd_ost,3d,ct|mri,,surface_modeling,,color_coding,in_situ,marker_other,False,,Neurosurgery,HMD (Optical See-Through),3D,Surface Modeling,Other Marker,Intraoperative,Patient,"CT, MRI",In-situ,,Color Coding
4131,Konovalov 2025,Augmented reality intraoperative tractography for diffuse glioma resection adjacent to the corticospinal tract: a case series with preliminary results.,Neurosurgical Review,2025,2021-2026,Use AR to guide icrosurgical resection of diffuse gliomas,True,,intraoperative,neurosurgery,,patient,hmd_ost,3d,mri,,surface_modeling,,color_coding,in_situ,marker_other,False,,Neurosurgery,HMD (Optical See-Through),3D,Surface Modeling,Other Marker,Intraoperative,Patient,MRI,In-situ,,Color Coding
4084,Li 2025,Microscopic augmented reality calibration with contactless line-structured light registration for surgical navigation.,International Federation for Medical and Biological Engineering,2025,2021-2026,Develop a real-time microscope AR surgical navigation (MASN) system using contactless line-structured light registration + microscope calibration + visible optical tracking to overlay deep lesions in the microscope view.,False,,intraoperative,neurosurgery,,phantom,microscope,3d,,Medical Scan,not_reported,,,in_situ,markerless,,,Neurosurgery,Microscope,3D,Not Reported,Markerless,Intraoperative,Phantom,,In-situ,,
4528,Liu 2025,Application of Mixed Reality Technology in the Planning of PCNL for Special Types of Complex Upper Urinary Stones: A Pilot Study,Urology,2025,2021-2026,"Evaluate MR-based preoperative planning for ultrasound-guided PCNL in complex/special anatomies (ectopic kidney, horseshoe kidney, spinal deformity, transplant kidney).",False,,planning,urology,,patient,hmd_ost,3d,ct,,surface_modeling,,,off_situ,,False,,Urology,HMD (Optical See-Through),3D,Surface Modeling,,Planning,Patient,CT,Off-situ,,
4041,McKenney 2025,Single session segmentation and live registration for augmented reality image guidance of cryoneurolysis.,Clinical Imaging,2025,2021-2026,AR intra-op guidance for cryoneurolysis.,False,,intraoperative,neurosurgery,,patient,hmd_ost,3d,ct,,surface_modeling,,color_coding,in_situ,marker_other,False,,Neurosurgery,HMD (Optical See-Through),3D,Surface Modeling,Other Marker,Intraoperative,Patient,CT,In-situ,,Color Coding
4209,Meier 2025,Preoperative perforator mapping of anterolateral thigh perforators via Projected Augmented Reality and Dynamic Infrared Thermography.,"Journal of Plastic, Reconstructive & Aesthetic Surgery",2025,2021-2026,Project DIRT onto the patient's body for anterolateral thigh flap surgery,False,,intraoperative,plastic,,patient,spatial_projection,2d,thermal,,no_post_processing,,,in_situ,markerless,False,,Plastic,Spatial Projection,2D,No Post-processing,Markerless,Intraoperative,Patient,Thermal,In-situ,,
4052,MollMCM 2025,Surgeon's perceptions on 3D visualization methods in parotid gland tumor surgery.,Frontiers in Oncology,2025,2021-2026,"Discuss the benefit of AR, plain view of 3D models, and 3D printing in the parotid gland tumor surgery",False,,not_specified,oncologic,,dataset,hmd_ost,3d,mri,,surface_modeling,,color_coding,off_situ,,False,,Oncologic,HMD (Optical See-Through),3D,Surface Modeling,,Not Specified,Dataset,MRI,Off-situ,,Color Coding
4156,Oh 2025,Enhancing recurrent laryngeal nerve localization during transoral endoscopic thyroid surgery using augmented reality: a proof-of-concept study.,Annals of Surgical Treatment and Research,2025,2021-2026,"Use AR to make the recurrent laryngeal nerve (RLN) easier to identify during transoral endoscopic thyroidectomy, where the thyroid can obstruct RLN visualization.",True,"3 patients; manual registration accuracy assessed by DSC for RLN alignment: 0.60, 0.70, 0.57 (mean 0.6 ± 0.1).",intraoperative,head_and_neck,,patient,spatial_monitor,3d,ct,,surface_modeling,,,off_situ,,False,,Head & Neck,Spatial Monitor,3D,Surface Modeling,,Intraoperative,Patient,CT,Off-situ,,
4215,Oh 2025,Leveraging augmented reality for dynamic guidance in 3-dimensional laparoscopic and robotic liver surgery: a prospective case series study.,Annals of Surgical Treatment and Research,2025,2021-2026,"Provide real-time AR navigation by overlaying 3D liver models onto 3D laparoscopic/robotic views, and assess manual registration accuracy and surgeon perception.",True,"Clinical application of the AR software during 3D laparoscopic and robotic liver surgery is feasible, with favorable registration accuracy and high operator perception of helpfulness.",intraoperative,abdominal,,patient,spatial_monitor,3d,ct,,surface_modeling,,,off_situ,,False,,Abdominal,Spatial Monitor,3D,Surface Modeling,,Intraoperative,Patient,CT,Off-situ,,
4395,P 2025,Enhancing Obstetric Ultrasonography Training with Augmented Reality: A HoloLens-Based Prenatal Ultrasound Simulator Using Real Fetal Volume,IEEE Guwahati Subsection Conference (GCON),2025,2021-2026,An ultrasound simulator using HoloLens,False,,training,abdominal,,dataset,hmd_ost,2d,us,,no_post_processing,,,off_situ,,False,,Abdominal,HMD (Optical See-Through),2D,No Post-processing,,Training,Dataset,Ultrasound,Off-situ,,
4486,Ponzoni 2025,Mixed reality for preoperative planning and intraoperative assistance of surgical correction of complex congenital heart defects,The Journal of Thoracic and Cardiovascular Surgery,2025,2021-2026,Explore feasibility of Mixed Reality to enhance preoperative planning and provide intraoperative assistance in complex congenital heart defect surgery.,True,,planning|intraoperative,cardiothoracic,,patient,hmd_ost,3d,ct|mri,,surface_modeling,,,off_situ,,False,,Cardiothoracic,HMD (Optical See-Through),3D,Surface Modeling,,"Planning, Intraoperative",Patient,"CT, MRI",Off-situ,,
4500,Qin 2025,Visualization System for Closed Thoracic Drainage Puncture Based on Augmented Reality and Ultrafine Diameter Camera,Journal of Shanghai Jiaotong University (Science),2025,2021-2026,"The use AR to guide the closed thoracic drainag system, which involves both CT segmentation overlay and the streaming of (endoscopic) video to HoloLens",False,,intraoperative,cardiothoracic,,phantom,multiple_devices,2d_3d,ct|rgb,,surface_modeling,,,in_situ,marker_other,False,,Cardiothoracic,Multiple Devices,2D + 3D,Surface Modeling,Other Marker,Intraoperative,Phantom,"CT, RGB Camera",In-situ,,
4472,Ryu 2025,"Advancing precision, safety, and education in D3 lymph node dissection for right hemicolectomy using mixed reality technology",Scientific Reports,2025,2021-2026,Evaluate the benefit of AR in right hemicolectomy surgery,False,,education|planning|intraoperative,oncologic,,patient,hmd_ost,3d,ct,,surface_modeling,,color_coding,off_situ,,False,,Oncologic,HMD (Optical See-Through),3D,Surface Modeling,,"Education, Planning, Intraoperative",Patient,CT,Off-situ,,Color Coding
4091,SalazarCarrasco 2025,System for assistance in ultrasound-guided percutaneous hepatic interventions using augmented reality: First steps.,Healthcare Technology Letters,2025,2021-2026,"Develop a mixed-reality assistance system for US-guided percutaneous liver interventions, integrating tracking + real-time visualization closer to the patient.",False,,intraoperative,abdominal,,phantom,hmd_ost,2d,us,,no_post_processing,,,in_situ,markerless,False,,Abdominal,HMD (Optical See-Through),2D,No Post-processing,Markerless,Intraoperative,Phantom,Ultrasound,In-situ,,
3923,Shah 2025,Augmented Reality for Identification of Temporal Bone Anatomy and Comparison to Conventional Imaging.,"Annals of Otology, Rhinology & Laryngology",2025,2021-2026,"Design and validate an AR app to help clinicians identify temporal bone anatomy, and compare performance vs conventional imaging.",False,,education,head_and_neck,,dataset,hmd_ost,3d,ct,,surface_modeling,,,off_situ,,False,,Head & Neck,HMD (Optical See-Through),3D,Surface Modeling,,Education,Dataset,CT,Off-situ,,
4065,Sharma 2025,Calvarial Biopsy Using Augmented Reality Technology: A Case Report and Technical Note.,Asian J Neurosurg,2025,2021-2026,Demonstrate feasibility of hands-free AR guidance (as an alternative to CT guidance) for accurate localization and biopsy of a calvarial lesion with minimal surface landmarks.,True,successful biopsy with intra-op pathology; total surgical time 35 min; described as accurate without obscuring the field or requiring time-consuming setup.,intraoperative,neurosurgery,,patient,hmd_ost,3d,mri,,volume_rendering,,tool_location,in_situ,markerless,False,,Neurosurgery,HMD (Optical See-Through),3D,Volume Rendering,Markerless,Intraoperative,Patient,MRI,In-situ,,Tool Location
4453,Shi 2025,A portable mixed reality navigation system for oral and maxillofacial surgery: Design and preliminary clinical evaluation,Journal of Cranio-Maxillo-Facial Surgery,2025,2021-2026,Develop a portable MR-based navigation system for OMFS and evaluate feasibility + spatial accuracy in clinical use.,True,"Prospective clinical trial (n=24): mean preop localization error 1.64 ± 0.78 mm, intraop 1.65 ± 1.00 mm (no significant difference); 83.3% “high” virtual-to-actual concordance; processing time ~8.38 ± 0.83 min with learning effect.",intraoperative,oral_maxillofacial,,patient,hmd_ost,3d,ct,,surface_modeling,,,in_situ,marker_optical,False,,Oral & Maxillofacial,HMD (Optical See-Through),3D,Surface Modeling,Optical Marker,Intraoperative,Patient,CT,In-situ,,
4468,Shi 2025,Translating high-precision mixed reality navigation from lab to operating room: design and clinical evaluation,BMC Surgery,2025,2021-2026,"Develop and clinically evaluate a Mixed Reality Navigation (MRN) system for neurosurgical planning and real-time intraoperative guidance, and compare localization accuracy with traditional optical navigation (TON).",False,"MRN is a low-cost, clinically promising alternative with accuracy comparable to TON, offering enhanced 3D visualization and multi-tool tracking; suitable when sub-centimeter accuracy suffices.",planning|intraoperative,neurosurgery,,phantom|patient,hmd_ost,3d,ct,,surface_modeling,,tool_location,in_situ,marker_optical,False,,Neurosurgery,HMD (Optical See-Through),3D,Surface Modeling,Optical Marker,"Planning, Intraoperative","Phantom, Patient",CT,In-situ,,Tool Location
4505,Song 2025,An intuitive and semi-automated transfer function design for interactive region of interest-based direct volume rendering in mixed reality head mounted devices,Virtual Reality,2025,2021-2026,It defined a new interactable volume renderring method using HMD.,False,,not_specified,not_specified,,dataset,hmd_ost,3d,not_specified,,volume_rendering,,,off_situ,,,,Not Specified,HMD (Optical See-Through),3D,Volume Rendering,,Not Specified,Dataset,Not Specified,Off-situ,,
3658,Strong 2025,Augmented Reality Navigation in Craniomaxillofacial/Head and Neck Surgery.,OTO open,2025,2021-2026,A study that uses AR to do craniomaxillofacial/head and neck surgery,False,,intraoperative,head_and_neck,,patient,hmd_ost,3d,ct|mri,,surface_modeling,,color_coding,in_situ,marker_other,False,,Head & Neck,HMD (Optical See-Through),3D,Surface Modeling,Other Marker,Intraoperative,Patient,"CT, MRI",In-situ,,Color Coding
4060,Takamoto 2025,Visual marker-based augmented reality for intraoperative ultrasound in minimally invasive surgery.,Surgical Endoscopy,2025,2021-2026,,False,,intraoperative,abdominal,,patient,spatial_monitor,2d,us,,no_post_processing,,,in_situ,marker_other,,,Abdominal,Spatial Monitor,2D,No Post-processing,Other Marker,Intraoperative,Patient,Ultrasound,In-situ,,
4112,Uchida 2025,Efficacy of Image-Guided Percutaneous Endoscopic Ear Surgery: A Novel Augmented Reality-Assisted Minimally Invasive Surgery.,Otology & Neurotology,2025,2021-2026,Use AR to augment the endoscopic images with CT segmentation and markings,False,,intraoperative,head_and_neck,,patient,spatial_monitor,2d,ct|rgb,,surface_modeling,,color_coding,in_situ,markerless,False,,Head & Neck,Spatial Monitor,2D,Surface Modeling,Markerless,Intraoperative,Patient,"CT, RGB Camera",In-situ,,Color Coding
4518,Umana 2025,Optimizing Strategies in Patients Affected by Tumors Infiltrating the Skull: A Single Center Experience,Brain Sciences,2025,2021-2026,Use AR to improve pre-op planning and intra-op guidance for neoplastic skull invasion,False,,planning|intraoperative,orthopedic,,patient,hmd_ost,3d,ct|mri,,surface_modeling,,,in_situ,marker_optical,False,,Orthopedic,HMD (Optical See-Through),3D,Surface Modeling,Optical Marker,"Planning, Intraoperative",Patient,"CT, MRI",In-situ,,
3979,VanIsseldyk 2025,"Low-Cost Augmented Reality System in Endoscopic Spine Surgery: Analysis of Surgeon Ergonomics, Perceived Workload and A Step-by-Step Guide for Implementation.",Global Spine Journal,2025,2021-2026,Evaluate of AR on surgeon workload and ergonomics during endoscopic spine surgery,False,,intraoperative,orthopedic,,patient,hmd_vst,2d_3d,ct|mri|rgb,,surface_modeling,,color_coding,off_situ,,False,,Orthopedic,HMD (Video See-Through),2D + 3D,Surface Modeling,,Intraoperative,Patient,"CT, MRI, RGB Camera",Off-situ,,Color Coding
3848,Vörös 2025,Hybrid 3D augmented reality for image-guided therapy using autostereoscopic visualization.,International Journal of Computer Assisted Radiology and Surgery,2025,2021-2026,proposes a hybrid 3D AR visualization method combining stereo 3D AR guidance with conventional 2D modalities.,False,,intraoperative,cardiothoracic,,phantom,spatial_monitor,3d,ct,,surface_modeling,,tool_location,off_situ,,False,,Cardiothoracic,Spatial Monitor,3D,Surface Modeling,,Intraoperative,Phantom,CT,Off-situ,,Tool Location
4572,Wang 2025,Application of a hybrid virtual-physical teaching model integrating mixed reality and 3D printing in clinical joint orthopedic education,Frontiers in Surgery,2025,2021-2026,Use AR and 3D printed phantom for joint orthopedic education,False,,education,orthopedic,,human_subject,hmd_ost,3d,ct,,surface_modeling,,,off_situ,,False,,Orthopedic,HMD (Optical See-Through),3D,Surface Modeling,,Education,Human Subject,CT,Off-situ,,
4526,Wang 2025,Mixed reality infrastructure based on deep learning medical image segmentation and 3D visualization for bone tumors using DCU-Net,Journal of Bone Oncology,2025,2021-2026,"Propose DCU-Net for bone tumor CT segmentation, reconstruct 3D tumor/bone models, and build a Mixed Reality infrastructure to support clinicians’ understanding and preoperative planning for bone tumors.",False,DCU-Net improves bone tumor CT segmentation and yields higher-fidelity 3D reconstructions; the MR system helps clinicians better understand tumor morphology/spatial relationships and has potential to improve bone tumor diagnosis/treatment planning.,planning,orthopedic,,patient,hmd_ost,3d,ct,,surface_modeling,,,off_situ,,False,,Orthopedic,HMD (Optical See-Through),3D,Surface Modeling,,Planning,Patient,CT,Off-situ,,
4559,Wang 2025,Offline Modeling and Mixed Reality Based Remote Diagnosis System for Patient-Specific Cardiovascular Diseases,"International Conference on Metaverse Computing, Networking and Applications",2025,2021-2026,"Build an HPC-supported, remotely connected MR collaborative platform that combines offline multi-organ hemodynamic simulation with MR-guided online collaboration to support cardiovascular diagnosis and surgical planning (example: how coronary stent changes propagate hemodynamics to cerebral vasculature).",False,,planning,cardiothoracic,,dataset,hmd_ost,3d,ct|mri,,surface_modeling,,,off_situ,,False,,Cardiothoracic,HMD (Optical See-Through),3D,Surface Modeling,,Planning,Dataset,"CT, MRI",Off-situ,,
4487,Wang 2025,Tumor Displacement Prediction and Augmented Reality Visualization in Brain Tumor Resection Surgery,Journal of Shanghai Jiao Tong University (Science),2025,2021-2026,This study is not primilary on AR. It predicted the displacement of brain tumor during resection surgery. But they proposed an AR system to visualize the displaced tumor for validation.,False,,intraoperative,neurosurgery,,phantom,hmd_ost,3d,mri,,surface_modeling,,color_coding,in_situ,marker_other,False,,Neurosurgery,HMD (Optical See-Through),3D,Surface Modeling,Other Marker,Intraoperative,Phantom,MRI,In-situ,,Color Coding
4548,Wu 2025,Comparative Analysis of Interactive Modalities for Intuitive Endovascular Interventions,IEEE TRANSACTIONS ON VISUALIZATION AND COMPUTER GRAPHICS,2025,2021-2026,Determine which combinations of control input and visualization modality (2D vs HoloLens 3D) best support intuitive robotic endovascular catheter teleoperation.,False,,intraoperative,cardiothoracic,,phantom,hmd_ost,3d,ct,,surface_modeling,,tool_location,off_situ,,False,,Cardiothoracic,HMD (Optical See-Through),3D,Surface Modeling,,Intraoperative,Phantom,CT,Off-situ,,Tool Location
4478,Wu 2025,Interactive mixed reality anatomy learning of normal and malformed inner ears,Anatomical Sciences Education,2025,2021-2026,Evaluate whether an interactive MR tool (HoloInnerEar) improves independent learning of normal + malformed inner ear anatomy compared with traditional learning resources.,False,,education,head_and_neck,,dataset,hmd_ost,2d_3d,ct,,surface_modeling,,,off_situ,,False,,Head & Neck,HMD (Optical See-Through),2D + 3D,Surface Modeling,,Education,Dataset,CT,Off-situ,,
4359,Xiang 2025,Comprehensive mixed reality surgical navigation system for liver surgery.,Journal of Medical Imaging,2025,2021-2026,"Build a self-contained MR liver navigation system that reduces monitor context switching and compensates intraoperative liver deformation, and quantitatively validate it in deformable anatomy.",False,,intraoperative,abdominal,,phantom,hmd_ost,3d,ct|mri,,not_reported,,,in_situ,marker_optical,False,,Abdominal,HMD (Optical See-Through),3D,Not Reported,Optical Marker,Intraoperative,Phantom,"CT, MRI",In-situ,,
4591,Xiang 2025,Surgical Navigation System for Liver Surgery Based on HoloLens® 2,"Medical Imaging 2025: Image-Guided Procedures, Robotic Interventions, and Modeling; Demonstrates feasibility and promising accuracy of a HoloLens 2–based liver navigation system for tracking tools and visualizing anatomy with potential intraoperative guidance benefits; future work targets subsurface validation and clinical workflow integration.",2025,2021-2026,"Develop and validate a HoloLens 2–based surgical navigation system for liver surgery that combines real-time tool tracking, soft-tissue deformation correction (rigid + non-rigid registration), and dynamic 3D model visualization in MR to support intraoperative guidance (especially for locating liver metastases).",False,,intraoperative,abdominal,,phantom,hmd_ost,3d,,3d_model,surface_modeling,,,in_situ,marker_optical,False,,Abdominal,HMD (Optical See-Through),3D,Surface Modeling,Optical Marker,Intraoperative,Phantom,,In-situ,,
3858,Yu 2025,The clinical value and application of augmented reality navigation in brachial plexus schwannoma.,scientific reports,2025,2021-2026,Use AR to guide brachial plexus schwannoma surgery,False,,intraoperative,oncologic,,patient,hmd_ost,not_specified,mri,,surface_modeling,,color_coding,in_situ,marker_other,False,,Oncologic,HMD (Optical See-Through),Not Specified,Surface Modeling,Other Marker,Intraoperative,Patient,MRI,In-situ,,Color Coding
4586,Zhang 2025,Mixed Reality Assisted Radical Endoscopic Thyroidectomy,Journal of Visualized Experiments,2025,2021-2026,Build a CT-based neck 3D hologram pipeline and test whether MR assistance can improve surgeon performance/workload and potentially safety during radical endoscopic thyroidectomy.,False,,planning,head_and_neck,,patient,hmd_ost,3d,ct,,surface_modeling,,,off_situ,,False,,Head & Neck,HMD (Optical See-Through),3D,Surface Modeling,,Planning,Patient,CT,Off-situ,,
4517,Zhao 2025,First German experience using augmented reality for neuroanatomy education in undergraduate medical students: a feasibility and questionnaire-based study,Education Tech Research Dev,2025,2021-2026,A pilot study on using AR/VR for neuroanatomy education,False,,education,neurosurgery,,dataset,hmd_ost,3d,mri,,surface_modeling,,color_coding,off_situ,,,,Neurosurgery,HMD (Optical See-Through),3D,Surface Modeling,,Education,Dataset,MRI,Off-situ,,Color Coding
4103,deGroot 2025,Introducing Holographic Surgical Navigation in Pediatric Wilms' Tumor Patients: A Feasibility Study During Total Nephrectomy.,Bioengineering,2025,2021-2026,"Use AR to visualize Wilm's tumor intraoperatively, test it fesaibility",False,,intraoperative,urology,,patient,hmd_ost,3d,mri,,surface_modeling,,,in_situ,markerless,False,,Urology,HMD (Optical See-Through),3D,Surface Modeling,Markerless,Intraoperative,Patient,MRI,In-situ,,
4290,deGroot 2025,Technical Approach for Infrared Tracking for Soft Tissue Navigation with a Holographic Head-Mounted Display and Preclinical Validation.,JoVE Creative Commons Attribution-NonCommercial,2025,2021-2026,"it describes a comprehensive approach for developing AR visualization applications using custom-made infrared markers for real-time organ tracking using a Head-Mounted Display (HMD), and it provides a validation framework leveraging electromagnetic (EM) tracking to validate holographic accuracy in phantom experiments.",False,,intraoperative,urology,,phantom,hmd_ost,3d,mri,,surface_modeling,,,in_situ,marker_optical,False,,Urology,HMD (Optical See-Through),3D,Surface Modeling,Optical Marker,Intraoperative,Phantom,MRI,In-situ,,
3892,Żelechowski 2025,Augmented reality navigation in orthognathic surgery: Comparative analysis and a paradigm shift.,Healthcare Technology Letters,2025,2021-2026,Uses AR to guide orthognathic surgery.,False,,intraoperative,oral_maxillofacial,,phantom,hmd_ost,3d,ct,,surface_modeling,,tool_location,in_situ,marker_optical,False,,Oral & Maxillofacial,HMD (Optical See-Through),3D,Surface Modeling,Optical Marker,Intraoperative,Phantom,CT,In-situ,,Tool Location
4439,Acar 2026,NAVIUS: Navigated Augmented Reality Visualization for Ureteroscopic Surgery,MICCAI,2026,2021-2026,"Develop and evaluate a system that helps surgeons more fully explore the kidney during ureteroscopy and reduce missed stones. It does this by using augmented reality (AR) to provide real-time visual guidance, such as 3D anatomical maps and scope position overlays.",False,,planning|intraoperative,urology,,phantom,hmd_ost,3d,ct,,surface_modeling,,tool_location,off_situ,,False,,Urology,HMD (Optical See-Through),3D,Surface Modeling,,"Planning, Intraoperative",Phantom,CT,Off-situ,,Tool Location
4097,Jaleel 2026,Augmented Reality Visualization in Musculoskeletal Interventions: User Feedback and Ergonomic Impact on Needle Placement Procedures.,Journal of Vascular and Interventional Radiology,2026,2021-2026,"Assess clinical usability and ergonomic benefit of a head-mounted AR display during musculoskeletal image-guided procedures, especially needle advancement.",False,,intraoperative,orthopedic,,patient,hmd_ost,2d,xray,,no_post_processing,,,off_situ,,False,,Orthopedic,HMD (Optical See-Through),2D,No Post-processing,,Intraoperative,Patient,X-ray,Off-situ,,
4069,Li 2026,Usability Study of Augmented Reality Visualization Modalities on Localization Accuracy in the Head and Neck: Randomized Crossover Trial.,JMIR SERIOUS GAMES,2026,2021-2026,Compare superimposition (SI) vs virtual twin (VT) visualization modalities for head-and-neck anatomical localization (accuracy + efficiency).,False,,training,head_and_neck,,phantom,hmd_ost,3d,ct,,surface_modeling,,,in_situ,markerless,False,,Head & Neck,HMD (Optical See-Through),3D,Surface Modeling,Markerless,Training,Phantom,CT,In-situ,,
4288,Olexa 2026,"Clinical validation of a rapid, markerless, headset-contained augmented reality stereotactic neuronavigation system.",JNS,2026,2021-2026,Quantitatively compare a markerless AR headset neuronavigation system with standard-of-care reference-array stereotactic navigation in real cranial neurosurgery.,True,"AR navigation system provided statistically similar registration accuracy and significantly faster patient model registration compared with the standard-of-care stereotactic neuronavigation system. AR navigation was accurate, fast, and had a minimal footprint, offering new opportunities to incorporate stereotaxis in low-resource, bedside, and urgent/emergency settings.",intraoperative,neurosurgery,,patient,hmd_ost,3d,ct|mri,,surface_modeling,,,in_situ,markerless,False,,Neurosurgery,HMD (Optical See-Through),3D,Surface Modeling,Markerless,Intraoperative,Patient,"CT, MRI",In-situ,,
4419,vanIsseldyk 2026,"Low-Cost Augmented Reality System in Endoscopic Spine Surgery: Analysis of Surgeon Ergonomics, Perceived Workload and A Step-by-Step Guide for Implementation",Global Spine Journal,2026,2021-2026,Evaluate whether an AR “virtual screens” visualization system (endoscopic feed in the surgeon’s field of view) improves workload and ergonomics versus conventional OR monitors during endoscopic spine surgery.,False,,intraoperative,orthopedic,,patient,hmd_vst,mixed,ct,,surface_modeling,,,off_situ,,False,,Orthopedic,HMD (Video See-Through),Mixed,Surface Modeling,,Intraoperative,Patient,CT,Off-situ,,
